Date,Close_HSI_Hang_Seng,Close_HSI_Nikkei_225,Close_N225_Hang_Seng,Close_N225_Nikkei_225,HSI_Pct_Change,N225_Pct_Change,Asian_Avg_Pct_Change,Close_HSI,Close_N225
2021-01-04,27472.8105,,,27258.3809,,,,,
2021-01-05,27649.8594,,,27158.6309,0.6445,-0.3659,0.1393,,
2021-01-06,27692.3008,,,27055.9395,0.1535,-0.3781,-0.1123,,
2021-01-07,27548.5195,,,27490.1309,-0.5192,1.6048,0.5428,,
2021-01-08,27878.2207,,,28139.0293,1.1968,2.3605,1.7786,,
2021-01-11,27908.2207,,,,0.1076,0.0000,0.0538,,
2021-01-12,28276.7500,,,28164.3398,1.3205,0.0899,0.7052,,
2021-01-13,28235.5996,,,28456.5898,-0.1455,1.0377,0.4461,,
2021-01-14,28496.8594,,,28698.2598,0.9253,0.8493,0.8873,,
2021-01-15,28573.8594,,,28519.1797,0.2702,-0.6240,-0.1769,,
2021-01-18,28862.7695,,,28242.2109,1.0111,-0.9712,0.0200,,
2021-01-19,29642.2793,,,28633.4609,2.7007,1.3853,2.0430,,
2021-01-20,29962.4707,,,28523.2598,1.0802,-0.3849,0.3477,,
2021-01-21,29927.7598,,,28756.8594,-0.1158,0.8190,0.3516,,
2021-01-22,29447.8496,,,28631.4492,-1.6036,-0.4361,-1.0198,,
2021-01-25,30159.0098,,,28822.2891,2.4150,0.6665,1.5408,,
2021-01-26,29391.2598,,,28546.1797,-2.5457,-0.9580,-1.7518,,
2021-01-27,29297.5293,,,28635.2109,-0.3189,0.3119,-0.0035,,
2021-01-28,28550.7695,,,28197.4199,-2.5489,-1.5289,-2.0389,,
2021-01-29,28283.7109,,,27663.3906,-0.9354,-1.8939,-1.4146,,
2021-02-01,28892.8594,,,28091.0508,2.1537,1.5459,1.8498,,
2021-02-02,29248.6992,,,28362.1699,1.2316,0.9651,1.0984,,
2021-02-03,29307.4609,,,28646.5000,0.2009,1.0025,0.6017,,
2021-02-04,29113.5000,,,28341.9492,-0.6618,-1.0631,-0.8625,,
2021-02-05,29288.6797,,,28779.1895,0.6017,1.5427,1.0722,,
2021-02-08,29319.4707,,,29388.5000,0.1051,2.1172,1.1112,,
2021-02-09,29476.1895,,,29505.9297,0.5345,0.3996,0.4670,,
2021-02-10,30038.7207,,,29562.9297,1.9084,0.1932,1.0508,,
2021-02-11,30173.5703,,,,0.4489,0.0000,0.2245,,
2021-02-12,,,,29520.0703,0.0000,-0.1450,-0.0725,,
2021-02-15,,,,30084.1504,0.0000,1.9108,0.9554,,
2021-02-16,30746.6602,,,30467.7500,1.8993,1.2751,1.5872,,
2021-02-17,31084.9395,,,30292.1895,1.1002,-0.5762,0.2620,,
2021-02-18,30595.2695,,,30236.0898,-1.5753,-0.1852,-0.8802,,
2021-02-19,30644.7305,,,30017.9199,0.1617,-0.7216,-0.2799,,
2021-02-22,30319.8301,,,30156.0293,-1.0602,0.4601,-0.3001,,
2021-02-23,30632.6406,,,,1.0317,0.0000,0.5159,,
2021-02-24,29718.2402,,,29671.6992,-2.9851,-1.6061,-2.2956,,
2021-02-25,30074.1699,,,30168.2695,1.1977,1.6735,1.4356,,
2021-02-26,28980.2109,,,28966.0098,-3.6375,-3.9852,-3.8114,,
2021-03-01,29452.5703,,,29663.5000,1.6299,2.4080,2.0189,,
2021-03-02,29095.8594,,,29408.1699,-1.2111,-0.8608,-1.0359,,
2021-03-03,29880.4199,,,29559.0996,2.6965,0.5132,1.6048,,
2021-03-04,29236.7891,,,28930.1094,-2.1540,-2.1279,-2.1410,,
2021-03-05,29098.2891,,,28864.3203,-0.4737,-0.2274,-0.3506,,
2021-03-08,28540.8301,,,28743.2500,-1.9158,-0.4194,-1.1676,,
2021-03-09,28773.2305,,,29027.9395,0.8143,0.9905,0.9024,,
2021-03-10,28907.5195,,,29036.5605,0.4667,0.0297,0.2482,,
2021-03-11,29385.6094,,,29211.6406,1.6539,0.6030,1.1284,,
2021-03-12,28739.7207,,,29717.8301,-2.1980,1.7328,-0.2326,,
2021-03-15,28833.7598,,,29766.9707,0.3272,0.1654,0.2463,,
2021-03-16,29027.6895,,,29921.0898,0.6726,0.5178,0.5952,,
2021-03-17,29034.1191,,,29914.3301,0.0222,-0.0226,-0.0002,,
2021-03-18,29405.7207,,,30216.7500,1.2799,1.0110,1.1454,,
2021-03-19,28990.9395,,,29792.0508,-1.4105,-1.4055,-1.4080,,
2021-03-22,28885.3398,,,29174.1504,-0.3643,-2.0740,-1.2191,,
2021-03-23,28497.3809,,,28995.9199,-1.3431,-0.6109,-0.9770,,
2021-03-24,27918.1406,,,28405.5195,-2.0326,-2.0361,-2.0344,,
2021-03-25,27899.6094,,,28729.8809,-0.0664,1.1419,0.5378,,
2021-03-26,28336.4297,,,29176.6992,1.5657,1.5552,1.5605,,
2021-03-29,28338.3008,,,29384.5195,0.0066,0.7123,0.3594,,
2021-03-30,28577.5000,,,29432.6992,0.8441,0.1640,0.5040,,
2021-03-31,28378.3496,,,29178.8008,-0.6969,-0.8626,-0.7798,,
2021-04-01,28938.7402,,,29388.8691,1.9747,0.7199,1.3473,,
2021-04-02,,,,29854.0000,0.0000,1.5827,0.7913,,
2021-04-05,,,,30089.2500,0.0000,0.7880,0.3940,,
2021-04-06,,,,29696.6309,0.0000,-1.3048,-0.6524,,
2021-04-07,28674.8008,,,29730.7891,-0.9121,0.1150,-0.3985,,
2021-04-08,29008.0703,,,29708.9805,1.1622,-0.0734,0.5444,,
2021-04-09,28698.8008,,,29768.0605,-1.0661,0.1989,-0.4336,,
2021-04-12,28453.2793,,,29538.7305,-0.8555,-0.7704,-0.8130,,
2021-04-13,28497.2500,,,29751.6094,0.1545,0.7207,0.4376,,
2021-04-14,28900.8301,,,29620.9902,1.4162,-0.4390,0.4886,,
2021-04-15,28793.1406,,,29642.6895,-0.3726,0.0733,-0.1497,,
2021-04-16,28969.7109,,,29683.3691,0.6132,0.1372,0.3752,,
2021-04-19,29106.1504,,,29685.3691,0.4710,0.0067,0.2389,,
2021-04-20,29135.7305,,,29100.3809,0.1016,-1.9706,-0.9345,,
2021-04-21,28621.9199,,,28508.5508,-1.7635,-2.0338,-1.8986,,
2021-04-22,28755.3398,,,29188.1699,0.4661,2.3839,1.4250,,
2021-04-23,29078.7500,,,29020.6309,1.1247,-0.5740,0.2753,,
2021-04-26,28952.8301,,,29126.2305,-0.4330,0.3639,-0.0346,,
2021-04-27,28941.5391,,,28991.8906,-0.0390,-0.4612,-0.2501,,
2021-04-28,29071.3398,,,29053.9707,0.4485,0.2141,0.3313,,
2021-04-29,29303.2598,,,,0.7978,0.0000,0.3989,,
2021-04-30,28724.8809,,,28812.6309,-1.9738,-0.8307,-1.4022,,
2021-05-03,28357.5391,,,,-1.2788,0.0000,-0.6394,,
2021-05-04,28557.1406,,,,0.7039,0.0000,0.3519,,
2021-05-05,28417.9805,,,,-0.4873,0.0000,-0.2437,,
2021-05-06,28637.4609,,,29331.3691,0.7723,1.8004,1.2864,,
2021-05-07,28610.6504,,,29357.8203,-0.0936,0.0902,-0.0017,,
2021-05-10,28595.6602,,,29518.3398,-0.0524,0.5468,0.2472,,
2021-05-11,28013.8105,,,28608.5898,-2.0347,-3.0820,-2.5584,,
2021-05-12,28231.0391,,,28147.5098,0.7754,-1.6117,-0.4181,,
2021-05-13,27718.6699,,,27448.0098,-1.8149,-2.4851,-2.1500,,
2021-05-14,28027.5703,,,28084.4707,1.1144,2.3188,1.7166,,
2021-05-17,28194.0898,,,27824.8301,0.5941,-0.9245,-0.1652,,
2021-05-18,28593.8105,,,28406.8398,1.4177,2.0917,1.7547,,
2021-05-19,,,,28044.4492,0.0000,-1.2757,-0.6379,,
2021-05-20,28450.2891,,,28098.2500,-0.5019,0.1918,-0.1550,,
2021-05-21,28458.4395,,,28317.8301,0.0286,0.7815,0.4051,,
2021-05-24,28412.2598,,,28364.6094,-0.1623,0.1652,0.0015,,
2021-05-25,28910.8594,,,28553.9805,1.7549,0.6676,1.2113,,
2021-05-26,29166.0098,,,28642.1895,0.8825,0.3089,0.5957,,
2021-05-27,29113.1992,,,28549.0098,-0.1811,-0.3253,-0.2532,,
2021-05-28,29124.4102,,,29149.4102,0.0385,2.1031,1.0708,,
2021-05-31,29151.8008,,,28860.0801,0.0940,-0.9926,-0.4493,,
2021-06-01,29468.0000,,,28814.3398,1.0847,-0.1585,0.4631,,
2021-06-02,29297.6191,,,28946.1406,-0.5782,0.4574,-0.0604,,
2021-06-03,28966.0293,,,29058.1094,-1.1318,0.3868,-0.3725,,
2021-06-04,28918.0996,,,28941.5195,-0.1655,-0.4012,-0.2833,,
2021-06-07,28787.2793,,,29019.2402,-0.4524,0.2685,-0.0919,,
2021-06-08,28781.3809,,,28963.5605,-0.0205,-0.1919,-0.1062,,
2021-06-09,28742.6309,,,28860.8008,-0.1346,-0.3548,-0.2447,,
2021-06-10,28738.8809,,,28958.5605,-0.0130,0.3387,0.1628,,
2021-06-11,28842.1309,,,28948.7305,0.3593,-0.0339,0.1627,,
2021-06-14,,,,29161.8008,0.0000,0.7360,0.3680,,
2021-06-15,28638.5293,,,29441.3008,-0.7059,0.9584,0.1263,,
2021-06-16,28436.8398,,,29291.0098,-0.7043,-0.5105,-0.6074,,
2021-06-17,28558.5898,,,29018.3301,0.4281,-0.9309,-0.2514,,
2021-06-18,28801.2695,,,28964.0801,0.8498,-0.1870,0.3314,,
2021-06-21,28489.0000,,,28010.9297,-1.0842,-3.2908,-2.1875,,
2021-06-22,28309.7598,,,28884.1309,-0.6292,3.1174,1.2441,,
2021-06-23,28817.0703,,,28874.8906,1.7920,-0.0320,0.8800,,
2021-06-24,28882.4609,,,28875.2305,0.2269,0.0012,0.1140,,
2021-06-25,29288.2207,,,29066.1797,1.4049,0.6613,1.0331,,
2021-06-28,29268.3008,,,29048.0195,-0.0680,-0.0625,-0.0652,,
2021-06-29,28994.0996,,,28812.6094,-0.9369,-0.8104,-0.8736,,
2021-06-30,28827.9492,,,28791.5293,-0.5730,-0.0732,-0.3231,,
2021-07-01,,,,28707.0391,0.0000,-0.2935,-0.1467,,
2021-07-02,28310.4199,,,28783.2793,-1.7952,0.2656,-0.7648,,
2021-07-05,28143.5000,,,28598.1895,-0.5896,-0.6430,-0.6163,,
2021-07-06,28072.8594,,,28643.2109,-0.2510,0.1574,-0.0468,,
2021-07-07,27960.6191,,,28366.9492,-0.3998,-0.9645,-0.6822,,
2021-07-08,27153.1309,,,28118.0293,-2.8879,-0.8775,-1.8827,,
2021-07-09,27344.5391,,,27940.4199,0.7049,-0.6317,0.0366,,
2021-07-12,27515.2402,,,28569.0195,0.6243,2.2498,1.4370,,
2021-07-13,27963.4102,,,28718.2402,1.6288,0.5223,1.0756,,
2021-07-14,27787.4609,,,28608.4902,-0.6292,-0.3822,-0.5057,,
2021-07-15,27996.2695,,,28279.0898,0.7514,-1.1514,-0.2000,,
2021-07-16,28004.6797,,,28003.0801,0.0300,-0.9760,-0.4730,,
2021-07-19,27489.7793,,,27652.7402,-1.8386,-1.2511,-1.5448,,
2021-07-20,27259.2500,,,27388.1602,-0.8386,-0.9568,-0.8977,,
2021-07-21,27224.5801,,,27548.0000,-0.1272,0.5836,0.2282,,
2021-07-22,27723.8398,,,,1.8339,0.0000,0.9169,,
2021-07-23,27321.9805,,,,-1.4495,0.0000,-0.7248,,
2021-07-26,26192.3203,,,27833.2891,-4.1346,1.0356,-1.5495,,
2021-07-27,25086.4297,,,27970.2207,-4.2222,0.4920,-1.8651,,
2021-07-28,25473.8809,,,27581.6602,1.5445,-1.3892,0.0776,,
2021-07-29,26315.3203,,,27782.4199,3.3031,0.7279,2.0155,,
2021-07-30,25961.0293,,,27283.5898,-1.3463,-1.7955,-1.5709,,
2021-08-02,26235.8008,,,27781.0195,1.0584,1.8232,1.4408,,
2021-08-03,26194.8203,,,27641.8301,-0.1562,-0.5010,-0.3286,,
2021-08-04,26426.5508,,,27584.0801,0.8846,-0.2089,0.3379,,
2021-08-05,26204.6895,,,27728.1191,-0.8395,0.5222,-0.1587,,
2021-08-06,26179.4004,,,27820.0391,-0.0965,0.3315,0.1175,,
2021-08-09,26283.4004,,,,0.3973,0.0000,0.1986,,
2021-08-10,26605.6191,,,27888.1504,1.2259,0.2448,0.7354,,
2021-08-11,26660.1602,,,28070.5098,0.2050,0.6539,0.4294,,
2021-08-12,26517.8203,,,28015.0195,-0.5339,-0.1977,-0.3658,,
2021-08-13,26391.6191,,,27977.1504,-0.4759,-0.1352,-0.3055,,
2021-08-16,26181.4609,,,27523.1895,-0.7963,-1.6226,-1.2095,,
2021-08-17,25745.8691,,,27424.4707,-1.6637,-0.3587,-1.0112,,
2021-08-18,25867.0098,,,27585.9102,0.4705,0.5887,0.5296,,
2021-08-19,25316.3301,,,27281.1699,-2.1289,-1.1047,-1.6168,,
2021-08-20,24849.7207,,,27013.2500,-1.8431,-0.9821,-1.4126,,
2021-08-23,25109.5898,,,27494.2402,1.0458,1.7806,1.4132,,
2021-08-24,25727.9199,,,27732.0996,2.4625,0.8651,1.6638,,
2021-08-25,25693.9492,,,27724.8008,-0.1320,-0.0263,-0.0792,,
2021-08-26,25415.6895,,,27742.2891,-1.0830,0.0631,-0.5099,,
2021-08-27,25407.8906,,,27641.1406,-0.0307,-0.3646,-0.1976,,
2021-08-30,25539.5391,,,27789.2891,0.5181,0.5360,0.5271,,
2021-08-31,25878.9902,,,28089.5391,1.3291,1.0805,1.2048,,
2021-09-01,26028.2891,,,28451.0195,0.5769,1.2869,0.9319,,
2021-09-02,26090.4297,,,28543.5098,0.2387,0.3251,0.2819,,
2021-09-03,25901.9902,,,29128.1094,-0.7223,2.0481,0.6629,,
2021-09-06,26163.6309,,,29659.8906,1.0101,1.8257,1.4179,,
2021-09-07,26353.6309,,,29916.1406,0.7262,0.8640,0.7951,,
2021-09-08,26320.9297,,,30181.2109,-0.1241,0.8860,0.3810,,
2021-09-09,25716.0000,,,30008.1895,-2.2983,-0.5733,-1.4358,,
2021-09-10,26205.9102,,,30381.8398,1.9051,1.2452,1.5751,,
2021-09-13,25813.8105,,,30447.3691,-1.4962,0.2157,-0.6403,,
2021-09-14,25502.2305,,,30670.0996,-1.2070,0.7315,-0.2378,,
2021-09-15,25033.2109,,,30511.7109,-1.8391,-0.5164,-1.1778,,
2021-09-16,24667.8496,,,30323.3398,-1.4595,-0.6174,-1.0384,,
2021-09-17,24920.7598,,,30500.0508,1.0253,0.5828,0.8040,,
2021-09-20,24099.1406,,,,-3.2969,0.0000,-1.6485,,
2021-09-21,24221.5391,,,29839.7109,0.5079,-2.1650,-0.8286,,
2021-09-22,,,,29639.4004,0.0000,-0.6713,-0.3356,,
2021-09-23,24510.9805,,,,1.1950,0.0000,0.5975,,
2021-09-24,24192.1602,,,30248.8105,-1.3007,2.0561,0.3777,,
2021-09-27,24208.7793,,,30240.0605,0.0687,-0.0289,0.0199,,
2021-09-28,24500.3906,,,30183.9609,1.2046,-0.1855,0.5095,,
2021-09-29,24663.5000,,,29544.2891,0.6657,-2.1192,-0.7268,,
2021-09-30,24575.6406,,,29452.6602,-0.3562,-0.3101,-0.3332,,
2021-10-01,,,,28771.0703,0.0000,-2.3142,-1.1571,,
2021-10-04,24036.3691,,,28444.8906,-2.1943,-1.1337,-1.6640,,
2021-10-05,24104.1504,,,27822.1191,0.2820,-2.1894,-0.9537,,
2021-10-06,23966.4902,,,27528.8691,-0.5711,-1.0540,-0.8126,,
2021-10-07,24701.7305,,,27678.2109,3.0678,0.5425,1.8051,,
2021-10-08,24837.8496,,,28048.9395,0.5511,1.3394,0.9452,,
2021-10-11,25325.0898,,,28498.1992,1.9617,1.6017,1.7817,,
2021-10-12,24962.5898,,,28230.6094,-1.4314,-0.9390,-1.1852,,
2021-10-13,,,,28140.2793,0.0000,-0.3200,-0.1600,,
2021-10-14,,,,28550.9297,0.0000,1.4593,0.7296,,
2021-10-15,25330.9609,,,29068.6309,1.4757,1.8133,1.6445,,
2021-10-18,25409.7500,,,29025.4609,0.3110,-0.1485,0.0813,,
2021-10-19,25787.2109,,,29215.5195,1.4855,0.6548,1.0701,,
2021-10-20,26136.0195,,,29255.5508,1.3526,0.1370,0.7448,,
2021-10-21,26017.5293,,,28708.5801,-0.4534,-1.8696,-1.1615,,
2021-10-22,26126.9297,,,28804.8496,0.4205,0.3353,0.3779,,
2021-10-25,26132.0293,,,28600.4102,0.0195,-0.7097,-0.3451,,
2021-10-26,26038.2695,,,29106.0098,-0.3588,1.7678,0.7045,,
2021-10-27,25628.7402,,,29098.2402,-1.5728,-0.0267,-0.7997,,
2021-10-28,25555.7305,,,28820.0898,-0.2849,-0.9559,-0.6204,,
2021-10-29,25377.2402,,,28892.6895,-0.6984,0.2519,-0.2233,,
2021-11-01,25154.3203,,,29647.0801,-0.8784,2.6110,0.8663,,
2021-11-02,25099.6699,,,29520.9004,-0.2173,-0.4256,-0.3214,,
2021-11-03,25024.7500,,,,-0.2985,0.0000,-0.1492,,
2021-11-04,25225.1895,,,29794.3691,0.8010,0.9264,0.8637,,
2021-11-05,24870.5098,,,29611.5703,-1.4061,-0.6135,-1.0098,,
2021-11-08,24763.7695,,,29507.0508,-0.4292,-0.3530,-0.3911,,
2021-11-09,24813.1309,,,29285.4609,0.1993,-0.7510,-0.2758,,
2021-11-10,24996.1406,,,29106.7793,0.7376,-0.6101,0.0637,,
2021-11-11,25247.9902,,,29277.8594,1.0076,0.5878,0.7977,,
2021-11-12,25327.9707,,,29609.9707,0.3168,1.1343,0.7256,,
2021-11-15,25390.9102,,,29776.8008,0.2485,0.5634,0.4060,,
2021-11-16,25713.7793,,,29808.1191,1.2716,0.1052,0.6884,,
2021-11-17,25650.0801,,,29688.3301,-0.2477,-0.4019,-0.3248,,
2021-11-18,25319.7207,,,29598.6602,-1.2879,-0.3020,-0.7950,,
2021-11-19,25049.9707,,,29745.8691,-1.0654,0.4974,-0.2840,,
2021-11-22,24951.3398,,,29774.1094,-0.3937,0.0949,-0.1494,,
2021-11-23,24651.5801,,,,-1.2014,0.0000,-0.6007,,
2021-11-24,24685.5000,,,29302.6602,0.1376,-1.5834,-0.7229,,
2021-11-25,24740.1602,,,29499.2793,0.2214,0.6710,0.4462,,
2021-11-26,24080.5195,,,28751.6191,-2.6663,-2.5345,-2.6004,,
2021-11-29,23852.2402,,,28283.9199,-0.9480,-1.6267,-1.2873,,
2021-11-30,23475.2598,,,27821.7598,-1.5805,-1.6340,-1.6072,,
2021-12-01,23658.9199,,,27935.6191,0.7824,0.4092,0.5958,,
2021-12-02,23788.9297,,,27753.3691,0.5495,-0.6524,-0.0514,,
2021-12-03,23766.6895,,,28029.5703,-0.0935,0.9952,0.4509,,
2021-12-06,23349.3809,,,27927.3691,-1.7559,-0.3646,-1.0602,,
2021-12-07,23983.6602,,,28455.5996,2.7165,1.8914,2.3040,,
2021-12-08,23996.8691,,,28860.6191,0.0551,1.4233,0.7392,,
2021-12-09,24254.8594,,,28725.4707,1.0751,-0.4683,0.3034,,
2021-12-10,23995.7207,,,28437.7695,-1.0684,-1.0016,-1.0350,,
2021-12-13,23954.5801,,,28640.4902,-0.1714,0.7129,0.2707,,
2021-12-14,23635.9492,,,28432.6406,-1.3301,-0.7257,-1.0279,,
2021-12-15,23420.7598,,,28459.7207,-0.9104,0.0952,-0.4076,,
2021-12-16,23475.5000,,,29066.3203,0.2337,2.1314,1.1826,,
2021-12-17,23192.6309,,,28545.6797,-1.2050,-1.7912,-1.4981,,
2021-12-20,22744.8594,,,27937.8105,-1.9307,-2.1295,-2.0301,,
2021-12-21,22971.3301,,,28517.5898,0.9957,2.0752,1.5355,,
2021-12-22,23102.3301,,,28562.2109,0.5703,0.1565,0.3634,,
2021-12-23,23193.6406,,,28798.3691,0.3952,0.8268,0.6110,,
2021-12-24,23223.7598,,,28782.5898,0.1299,-0.0548,0.0375,,
2021-12-27,,,,28676.4609,0.0000,-0.3687,-0.1844,,
2021-12-28,23280.5605,,,29069.1602,0.2446,1.3694,0.8070,,
2021-12-29,23086.5391,,,28906.8809,-0.8334,-0.5583,-0.6958,,
2021-12-30,23112.0098,,,28791.7109,0.1103,-0.3984,-0.1440,,
2021-12-31,23397.6699,,,,1.2360,0.0000,0.6180,,
2022-01-03,23274.7500,,,,-0.5254,0.0000,-0.2627,,
2022-01-04,23289.8398,,,29301.7891,0.0648,1.7716,0.9182,,
2022-01-05,22907.2500,,,29332.1602,-1.6427,0.1036,-0.7695,,
2022-01-06,23072.8594,,,28487.8691,0.7230,-2.8784,-1.0777,,
2022-01-07,23493.3809,,,28478.5605,1.8226,-0.0327,0.8950,,
2022-01-10,23746.5391,,,,1.0776,0.0000,0.5388,,
2022-01-11,23739.0605,,,28222.4805,-0.0315,-0.8992,-0.4653,,
2022-01-12,24402.1699,,,28765.6602,2.7933,1.9246,2.3590,,
2022-01-13,24429.7695,,,28489.1309,0.1131,-0.9613,-0.4241,,
2022-01-14,24383.3203,,,28124.2793,-0.1901,-1.2807,-0.7354,,
2022-01-17,24218.0293,,,28333.5195,-0.6779,0.7440,0.0330,,
2022-01-18,24112.7793,,,28257.2500,-0.4346,-0.2692,-0.3519,,
2022-01-19,24127.8496,,,27467.2305,0.0625,-2.7958,-1.3667,,
2022-01-20,24952.3496,,,27772.9297,3.4172,1.1130,2.2651,,
2022-01-21,24965.5508,,,27522.2598,0.0529,-0.9026,-0.4248,,
2022-01-24,24656.4609,,,27588.3691,-1.2381,0.2402,-0.4989,,
2022-01-25,24243.6094,,,27131.3398,-1.6744,-1.6566,-1.6655,,
2022-01-26,24289.9004,,,27011.3301,0.1909,-0.4423,-0.1257,,
2022-01-27,23807.0000,,,26170.3008,-1.9881,-3.1136,-2.5508,,
2022-01-28,23550.0801,,,26717.3398,-1.0792,2.0903,0.5056,,
2022-01-31,23802.2598,,,27001.9805,1.0708,1.0654,1.0681,,
2022-02-01,,,,27078.4805,0.0000,0.2833,0.1417,,
2022-02-02,,,,27533.5996,0.0000,1.6807,0.8404,,
2022-02-03,,,,27241.3105,0.0000,-1.0616,-0.5308,,
2022-02-04,24573.2891,,,27439.9902,3.2393,0.7293,1.9843,,
2022-02-07,24579.5508,,,27248.8691,0.0255,-0.6965,-0.3355,,
2022-02-08,24329.4902,,,27284.5195,-1.0174,0.1308,-0.4433,,
2022-02-09,24829.9902,,,27579.8691,2.0572,1.0825,1.5698,,
2022-02-10,24924.3496,,,27696.0801,0.3800,0.4214,0.4007,,
2022-02-11,24906.6602,,,,-0.0710,0.0000,-0.0355,,
2022-02-14,24556.5703,,,27079.5898,-1.4056,-2.2259,-1.8158,,
2022-02-15,24355.7109,,,26865.1895,-0.8179,-0.7917,-0.8048,,
2022-02-16,24718.9004,,,27460.4004,1.4912,2.2155,1.8534,,
2022-02-17,24792.7695,,,27232.8691,0.2988,-0.8286,-0.2649,,
2022-02-18,24327.7109,,,27122.0703,-1.8758,-0.4069,-1.1413,,
2022-02-21,24170.0703,,,26910.8691,-0.6480,-0.7787,-0.7133,,
2022-02-22,23520.0000,,,26449.6094,-2.6896,-1.7140,-2.2018,,
2022-02-23,23660.2793,,,,0.5964,0.0000,0.2982,,
2022-02-24,22901.5605,,,25970.8203,-3.2067,-1.8102,-2.5085,,
2022-02-25,22767.1797,,,26476.5000,-0.5868,1.9471,0.6802,,
2022-02-28,22713.0195,,,26526.8203,-0.2379,0.1901,-0.0239,,
2022-03-01,22761.7109,,,26844.7207,0.2144,1.1984,0.7064,,
2022-03-02,22343.9199,,,26393.0293,-1.8355,-1.6826,-1.7591,,
2022-03-03,22467.3398,,,26577.2695,0.5524,0.6981,0.6252,,
2022-03-04,21905.2891,,,25985.4707,-2.5016,-2.2267,-2.3642,,
2022-03-07,21057.6309,,,25221.4102,-3.8697,-2.9403,-3.4050,,
2022-03-08,20765.8691,,,24790.9492,-1.3855,-1.7067,-1.5461,,
2022-03-09,20627.7109,,,24717.5293,-0.6653,-0.2962,-0.4807,,
2022-03-10,20890.2598,,,25690.4004,1.2728,3.9360,2.6044,,
2022-03-11,20553.7891,,,25162.7793,-1.6107,-2.0538,-1.8322,,
2022-03-14,19531.6602,,,25307.8496,-4.9729,0.5765,-2.1982,,
2022-03-15,18415.0801,,,25346.4805,-5.7168,0.1526,-2.7821,,
2022-03-16,20087.5000,,,25762.0098,9.0818,1.6394,5.3606,,
2022-03-17,21501.2305,,,26652.8906,7.0379,3.4581,5.2480,,
2022-03-18,21412.4004,,,26827.4297,-0.4131,0.6549,0.1209,,
2022-03-21,21221.3398,,,,-0.8923,0.0000,-0.4461,,
2022-03-22,21889.2793,,,27224.1094,3.1475,1.4786,2.3131,,
2022-03-23,22154.0801,,,28040.1602,1.2097,2.9975,2.1036,,
2022-03-24,21945.9492,,,28110.3906,-0.9395,0.2505,-0.3445,,
2022-03-25,21404.8809,,,28149.8398,-2.4655,0.1403,-1.1626,,
2022-03-28,21684.9707,,,27943.8906,1.3085,-0.7316,0.2885,,
2022-03-29,21927.6309,,,28252.4199,1.1190,1.1041,1.1116,,
2022-03-30,22232.0293,,,28027.2500,1.3882,-0.7970,0.2956,,
2022-03-31,21996.8496,,,27821.4297,-1.0578,-0.7344,-0.8961,,
2022-04-01,22039.5508,,,27665.9805,0.1941,-0.5587,-0.1823,,
2022-04-04,22502.3105,,,27736.4707,2.0997,0.2548,1.1772,,
2022-04-05,,,,27787.9805,0.0000,0.1857,0.0929,,
2022-04-06,22080.5195,,,27350.3008,-1.8744,-1.5751,-1.7248,,
2022-04-07,21808.9805,,,26888.5703,-1.2298,-1.6882,-1.4590,,
2022-04-08,21872.0098,,,26985.8008,0.2890,0.3616,0.3253,,
2022-04-11,21208.3008,,,26821.5195,-3.0345,-0.6088,-1.8216,,
2022-04-12,21319.1309,,,26334.9805,0.5226,-1.8140,-0.6457,,
2022-04-13,21374.3691,,,26843.4902,0.2591,1.9309,1.0950,,
2022-04-14,21518.0801,,,27172.0000,0.6724,1.2238,0.9481,,
2022-04-15,,,,27093.1895,0.0000,-0.2900,-0.1450,,
2022-04-18,,,,26799.7109,0.0000,-1.0832,-0.5416,,
2022-04-19,21027.7598,,,26985.0898,-2.2786,0.6917,-0.7935,,
2022-04-20,20944.6699,,,27217.8496,-0.3951,0.8625,0.2337,,
2022-04-21,20682.2207,,,27553.0605,-1.2531,1.2316,-0.0107,,
2022-04-22,20638.5195,,,27105.2598,-0.2113,-1.6252,-0.9183,,
2022-04-25,19869.3398,,,26590.7793,-3.7269,-1.8981,-2.8125,,
2022-04-26,19934.7109,,,26700.1094,0.3290,0.4112,0.3701,,
2022-04-27,19946.3594,,,26386.6309,0.0584,-1.1741,-0.5578,,
2022-04-28,20276.1699,,,26847.9004,1.6535,1.7481,1.7008,,
2022-04-29,21089.3906,,,,4.0107,0.0000,2.0054,,
2022-05-02,,,,26818.5293,0.0000,-0.1094,-0.0547,,
2022-05-03,21101.8906,,,,0.0593,0.0000,0.0296,,
2022-05-04,20869.5195,,,,-1.1012,0.0000,-0.5506,,
2022-05-05,20793.4004,,,,-0.3647,0.0000,-0.1824,,
2022-05-06,20001.9609,,,27003.5605,-3.8062,0.6899,-1.5581,,
2022-05-09,,,,26319.3398,0.0000,-2.5338,-1.2669,,
2022-05-10,19633.6895,,,26167.0996,-1.8412,-0.5784,-1.2098,,
2022-05-11,19824.5703,,,26213.6406,0.9722,0.1779,0.5750,,
2022-05-12,19380.3398,,,25748.7207,-2.2408,-1.7736,-2.0072,,
2022-05-13,19898.7695,,,26427.6504,2.6750,2.6368,2.6559,,
2022-05-16,19950.2109,,,26547.0508,0.2585,0.4518,0.3552,,
2022-05-17,20602.5195,,,26659.7500,3.2697,0.4245,1.8471,,
2022-05-18,20644.2793,,,26911.1992,0.2027,0.9432,0.5729,,
2022-05-19,20120.6797,,,26402.8398,-2.5363,-1.8890,-2.2127,,
2022-05-20,20717.2402,,,26739.0293,2.9649,1.2733,2.1191,,
2022-05-23,20470.0605,,,27001.5195,-1.1931,0.9817,-0.1057,,
2022-05-24,20112.0996,,,26748.1406,-1.7487,-0.9384,-1.3435,,
2022-05-25,20171.2695,,,26677.8008,0.2942,-0.2630,0.0156,,
2022-05-26,20116.1992,,,26604.8398,-0.2730,-0.2735,-0.2733,,
2022-05-27,20697.3594,,,26781.6797,2.8890,0.6647,1.7769,,
2022-05-30,21123.9297,,,27369.4297,2.0610,2.1946,2.1278,,
2022-05-31,21415.1992,,,27279.8008,1.3789,-0.3275,0.5257,,
2022-06-01,21294.9395,,,27457.8906,-0.5616,0.6528,0.0456,,
2022-06-02,21082.1309,,,27413.8809,-0.9993,-0.1603,-0.5798,,
2022-06-03,,,,27761.5703,0.0000,1.2683,0.6341,,
2022-06-06,21653.9004,,,27915.8906,2.7121,0.5559,1.6340,,
2022-06-07,21531.6699,,,27943.9492,-0.5645,0.1005,-0.2320,,
2022-06-08,22014.5898,,,28234.2891,2.2428,1.0390,1.6409,,
2022-06-09,21869.0508,,,28246.5293,-0.6611,0.0434,-0.3089,,
2022-06-10,21806.1797,,,27824.2891,-0.2875,-1.4948,-0.8912,,
2022-06-13,21067.5801,,,26987.4395,-3.3871,-3.0076,-3.1974,,
2022-06-14,21067.9902,,,26629.8594,0.0019,-1.3250,-0.6615,,
2022-06-15,21308.2109,,,26326.1602,1.1402,-1.1404,-0.0001,,
2022-06-16,20845.4297,,,26431.1992,-2.1718,0.3990,-0.8864,,
2022-06-17,21075.0000,,,25963.0000,1.1013,-1.7714,-0.3350,,
2022-06-20,21163.9102,,,25771.2207,0.4219,-0.7387,-0.1584,,
2022-06-21,21559.5898,,,26246.3105,1.8696,1.8435,1.8565,,
2022-06-22,21008.3398,,,26149.5508,-2.5569,-0.3687,-1.4628,,
2022-06-23,21273.8691,,,26171.2500,1.2639,0.0830,0.6735,,
2022-06-24,21719.0605,,,26491.9707,2.0927,1.2255,1.6591,,
2022-06-27,22229.5195,,,26871.2695,2.3503,1.4318,1.8910,,
2022-06-28,22418.9707,,,27049.4707,0.8523,0.6632,0.7577,,
2022-06-29,21996.8906,,,26804.5996,-1.8827,-0.9053,-1.3940,,
2022-06-30,21859.7891,,,26393.0391,-0.6233,-1.5354,-1.0793,,
2022-07-01,,,,25935.6191,0.0000,-1.7331,-0.8666,,
2022-07-04,21830.3496,,,26153.8105,-0.1347,0.8413,0.3533,,
2022-07-05,21853.0703,,,26423.4707,0.1041,1.0311,0.5676,,
2022-07-06,21586.6602,,,26107.6504,-1.2191,-1.1952,-1.2072,,
2022-07-07,21643.5801,,,26490.5293,0.2637,1.4665,0.8651,,
2022-07-08,21725.7793,,,26517.1895,0.3798,0.1006,0.2402,,
2022-07-11,21124.1992,,,26812.3008,-2.7690,1.1129,-0.8280,,
2022-07-12,20844.7402,,,26336.6602,-1.3229,-1.7740,-1.5484,,
2022-07-13,20797.9492,,,26478.7695,-0.2245,0.5396,0.1576,,
2022-07-14,20751.2109,,,26643.3906,-0.2247,0.6217,0.1985,,
2022-07-15,20297.7207,,,26788.4707,-2.1854,0.5445,-0.8204,,
2022-07-18,20846.1797,,,,2.7021,0.0000,1.3510,,
2022-07-19,20661.0605,,,26961.6797,-0.8880,0.6466,-0.1207,,
2022-07-20,20890.2207,,,27680.2598,1.1091,2.6652,1.8872,,
2022-07-21,20574.6309,,,27803.0000,-1.5107,0.4434,-0.5336,,
2022-07-22,20609.1406,,,27914.6602,0.1677,0.4016,0.2847,,
2022-07-25,20562.9395,,,27699.2500,-0.2242,-0.7717,-0.4979,,
2022-07-26,20905.8809,,,27655.2109,1.6678,-0.1590,0.7544,,
2022-07-27,20670.0391,,,27715.7500,-1.1281,0.2189,-0.4546,,
2022-07-28,20622.6797,,,27815.4805,-0.2291,0.3598,0.0654,,
2022-07-29,20156.5098,,,27801.6406,-2.2605,-0.0498,-1.1551,,
2022-08-01,20165.8398,,,27993.3496,0.0463,0.6896,0.3679,,
2022-08-02,19689.2109,,,27594.7305,-2.3635,-1.4240,-1.8938,,
2022-08-03,19767.0898,,,27741.9004,0.3955,0.5333,0.4644,,
2022-08-04,20174.0391,,,27932.1992,2.0587,0.6860,1.3723,,
2022-08-05,20201.9395,,,28175.8691,0.1383,0.8724,0.5053,,
2022-08-08,20045.7695,,,28249.2402,-0.7730,0.2604,-0.2563,,
2022-08-09,20003.4395,,,27999.9609,-0.2112,-0.8824,-0.5468,,
2022-08-10,19610.8398,,,27819.3301,-1.9627,-0.6451,-1.3039,,
2022-08-11,20082.4297,,,,2.4047,0.0000,1.2024,,
2022-08-12,20175.6191,,,28546.9805,0.4640,2.6156,1.5398,,
2022-08-15,20040.8594,,,28871.7793,-0.6679,1.1378,0.2349,,
2022-08-16,19830.5195,,,28868.9102,-1.0496,-0.0099,-0.5297,,
2022-08-17,19922.4492,,,29222.7695,0.4636,1.2257,0.8447,,
2022-08-18,19763.9102,,,28942.1406,-0.7958,-0.9603,-0.8780,,
2022-08-19,19773.0293,,,28930.3301,0.0461,-0.0408,0.0027,,
2022-08-22,19656.9805,,,28794.5000,-0.5869,-0.4695,-0.5282,,
2022-08-23,19503.2500,,,28452.7500,-0.7821,-1.1869,-0.9845,,
2022-08-24,19268.7402,,,28313.4707,-1.2024,-0.4895,-0.8460,,
2022-08-25,19968.3809,,,28479.0098,3.6310,0.5847,2.1078,,
2022-08-26,20170.0391,,,28641.3809,1.0099,0.5701,0.7900,,
2022-08-29,20023.2207,,,27878.9609,-0.7279,-2.6620,-1.6949,,
2022-08-30,19949.0293,,,28195.5801,-0.3705,1.1357,0.3826,,
2022-08-31,19954.3906,,,28091.5293,0.0269,-0.3690,-0.1711,,
2022-09-01,19597.3105,,,27661.4707,-1.7895,-1.5309,-1.6602,,
2022-09-02,19452.0898,,,27650.8398,-0.7410,-0.0384,-0.3897,,
2022-09-05,19225.6992,,,27619.6094,-1.1638,-0.1129,-0.6384,,
2022-09-06,19202.7305,,,27626.5098,-0.1195,0.0250,-0.0472,,
2022-09-07,19044.3008,,,27430.3008,-0.8250,-0.7102,-0.7676,,
2022-09-08,18854.6191,,,28065.2793,-0.9960,2.3149,0.6594,,
2022-09-09,19362.2500,,,28214.7500,2.6923,0.5326,1.6125,,
2022-09-12,,,,28542.1094,0.0000,1.1602,0.5801,,
2022-09-13,19326.8594,,,28614.6309,-0.1828,0.2541,0.0357,,
2022-09-14,18847.0996,,,27818.6191,-2.4823,-2.7818,-2.6321,,
2022-09-15,18930.3809,,,27875.9102,0.4419,0.2059,0.3239,,
2022-09-16,18761.6895,,,27567.6504,-0.8911,-1.1058,-0.9985,,
2022-09-19,18565.9707,,,,-1.0432,0.0000,-0.5216,,
2022-09-20,18781.4199,,,27688.4199,1.1605,0.4381,0.7993,,
2022-09-21,18444.6191,,,27313.1309,-1.7933,-1.3554,-1.5743,,
2022-09-22,18147.9492,,,27153.8301,-1.6084,-0.5832,-1.0958,,
2022-09-23,17933.2695,,,,-1.1829,0.0000,-0.5915,,
2022-09-26,17855.1406,,,26431.5508,-0.4357,-2.6600,-1.5478,,
2022-09-27,17860.3105,,,26571.8691,0.0290,0.5309,0.2799,,
2022-09-28,17250.8809,,,26173.9805,-3.4122,-1.4974,-2.4548,,
2022-09-29,17165.8691,,,26422.0508,-0.4928,0.9478,0.2275,,
2022-09-30,17222.8301,,,25937.2109,0.3318,-1.8350,-0.7516,,
2022-10-03,17079.5098,,,26215.7891,-0.8322,1.0740,0.1209,,
2022-10-04,,,,26992.2109,0.0000,2.9617,1.4808,,
2022-10-05,18087.9707,,,27120.5293,5.9045,0.4754,3.1899,,
2022-10-06,18012.1504,,,27311.3008,-0.4192,0.7034,0.1421,,
2022-10-07,17740.0508,,,27116.1094,-1.5106,-0.7147,-1.1127,,
2022-10-10,17216.6602,,,,-2.9503,0.0000,-1.4752,,
2022-10-11,16832.3594,,,26401.2500,-2.2321,-2.6363,-2.4342,,
2022-10-12,16701.0293,,,26396.8301,-0.7802,-0.0167,-0.3985,,
2022-10-13,16389.1094,,,26237.4199,-1.8677,-0.6039,-1.2358,,
2022-10-14,16587.6895,,,27090.7598,1.2117,3.2524,2.2320,,
2022-10-17,16612.9004,,,26775.7891,0.1520,-1.1626,-0.5053,,
2022-10-18,16914.5801,,,27156.1406,1.8159,1.4205,1.6182,,
2022-10-19,16511.2793,,,27257.3809,-2.3843,0.3728,-1.0058,,
2022-10-20,16280.2197,,,27006.9609,-1.3994,-0.9187,-1.1591,,
2022-10-21,16211.1201,,,26890.5801,-0.4244,-0.4309,-0.4277,,
2022-10-24,15180.6904,,,26974.9004,-6.3563,0.3136,-3.0214,,
2022-10-25,15165.5898,,,27250.2793,-0.0995,1.0209,0.4607,,
2022-10-26,15317.6699,,,27431.8398,1.0028,0.6663,0.8345,,
2022-10-27,15427.9404,,,27345.2402,0.7199,-0.3157,0.2021,,
2022-10-28,14863.0596,,,27105.1992,-3.6614,-0.8778,-2.2696,,
2022-10-31,14687.0195,,,27587.4609,-1.1844,1.7792,0.2974,,
2022-11-01,15455.2695,,,27678.9199,5.2308,0.3315,2.7812,,
2022-11-02,15827.1699,,,27663.3906,2.4063,-0.0561,1.1751,,
2022-11-03,15339.4902,,,,-3.0813,0.0000,-1.5406,,
2022-11-04,16161.1396,,,27199.7402,5.3564,-1.6760,1.8402,,
2022-11-07,16595.9102,,,27527.6406,2.6902,1.2055,1.9479,,
2022-11-08,16557.3105,,,27872.1094,-0.2326,1.2514,0.5094,,
2022-11-09,16358.5195,,,27716.4297,-1.2006,-0.5586,-0.8796,,
2022-11-10,16081.0400,,,27446.0996,-1.6962,-0.9753,-1.3358,,
2022-11-11,17325.6602,,,28263.5703,7.7397,2.9785,5.3591,,
2022-11-14,17619.7109,,,27963.4707,1.6972,-1.0618,0.3177,,
2022-11-15,18343.1191,,,27990.1699,4.1057,0.0955,2.1006,,
2022-11-16,18256.4805,,,28028.3008,-0.4723,0.1362,-0.1680,,
2022-11-17,18045.6602,,,27930.5703,-1.1548,-0.3487,-0.7517,,
2022-11-18,17992.5391,,,27899.7695,-0.2944,-0.1103,-0.2023,,
2022-11-21,17655.9102,,,27944.7891,-1.8709,0.1614,-0.8548,,
2022-11-22,17424.4102,,,28115.7402,-1.3112,0.6117,-0.3497,,
2022-11-23,17523.8105,,,,0.5705,0.0000,0.2852,,
2022-11-24,17660.9004,,,28383.0898,0.7823,0.9509,0.8666,,
2022-11-25,17573.5801,,,28283.0293,-0.4944,-0.3525,-0.4235,,
2022-11-28,17297.9395,,,28162.8301,-1.5685,-0.4250,-0.9967,,
2022-11-29,18204.6797,,,28027.8398,5.2419,-0.4793,2.3813,,
2022-11-30,18597.2305,,,27968.9902,2.1563,-0.2100,0.9732,,
2022-12-01,18736.4395,,,28226.0801,0.7485,0.9192,0.8339,,
2022-12-02,18675.3496,,,27777.9004,-0.3260,-1.5878,-0.9569,,
2022-12-05,19518.2891,,,27820.4004,4.5136,0.1530,2.3333,,
2022-12-06,19441.1797,,,27885.8691,-0.3951,0.2353,-0.0799,,
2022-12-07,18814.8203,,,27686.4004,-3.2218,-0.7153,-1.9686,,
2022-12-08,19450.2305,,,27574.4297,3.3772,-0.4044,1.4864,,
2022-12-09,19900.8691,,,27901.0098,2.3169,1.1844,1.7506,,
2022-12-12,19463.6309,,,27842.3301,-2.1971,-0.2103,-1.2037,,
2022-12-13,19596.1992,,,27954.8496,0.6811,0.4041,0.5426,,
2022-12-14,19673.4492,,,28156.2109,0.3942,0.7203,0.5573,,
2022-12-15,19368.5898,,,28051.6992,-1.5496,-0.3712,-0.9604,,
2022-12-16,19450.6699,,,27527.1191,0.4238,-1.8700,-0.7231,,
2022-12-19,19352.8105,,,27237.6406,-0.5031,-1.0516,-0.7774,,
2022-12-20,19094.8008,,,26568.0293,-1.3332,-2.4584,-1.8958,,
2022-12-21,19160.4902,,,26387.7207,0.3440,-0.6787,-0.1673,,
2022-12-22,19679.2207,,,26507.8691,2.7073,0.4553,1.5813,,
2022-12-23,19593.0605,,,26235.2500,-0.4378,-1.0284,-0.7331,,
2022-12-26,,,,26405.8691,0.0000,0.6503,0.3252,,
2022-12-27,,,,26447.8691,0.0000,0.1591,0.0795,,
2022-12-28,19898.9102,,,26340.5000,1.5610,-0.4060,0.5775,,
2022-12-29,19741.1406,,,26093.6699,-0.7929,-0.9371,-0.8650,,
2022-12-30,19781.4102,,,26094.5000,0.2040,0.0032,0.1036,,
2023-01-03,20145.2891,,,,1.8395,0.0000,0.9197,,
2023-01-04,20793.1094,,,25716.8594,3.2157,-1.4472,0.8843,,
2023-01-05,21052.1699,,,25820.8008,1.2459,0.4042,0.8250,,
2023-01-06,20991.6406,,,25973.8496,-0.2875,0.5927,0.1526,,
2023-01-09,21388.3398,,,,1.8898,0.0000,0.9449,,
2023-01-10,21331.4609,,,26175.5605,-0.2659,0.7766,0.2553,,
2023-01-11,21436.0508,,,26446.0000,0.4903,1.0332,0.7617,,
2023-01-12,21514.0996,,,26449.8203,0.3641,0.0144,0.1893,,
2023-01-13,21738.6602,,,26119.5195,1.0438,-1.2488,-0.1025,,
2023-01-16,21746.7207,,,25822.3203,0.0371,-1.1378,-0.5504,,
2023-01-17,21577.6406,,,26138.6797,-0.7775,1.2251,0.2238,,
2023-01-18,21678.0000,,,26791.1191,0.4651,2.4961,1.4806,,
2023-01-19,21650.9805,,,26405.2305,-0.1246,-1.4404,-0.7825,,
2023-01-20,22044.6504,,,26553.5293,1.8183,0.5616,1.1899,,
2023-01-23,,,,26906.0391,0.0000,1.3275,0.6638,,
2023-01-24,,,,27299.1895,0.0000,1.4612,0.7306,,
2023-01-25,,,,27395.0098,0.0000,0.3510,0.1755,,
2023-01-26,22566.7793,,,27362.7500,2.3685,-0.1178,1.1254,,
2023-01-27,22688.9004,,,27382.5605,0.5412,0.0724,0.3068,,
2023-01-30,22069.7305,,,27433.4004,-2.7290,0.1857,-1.2716,,
2023-01-31,21842.3301,,,27327.1094,-1.0304,-0.3875,-0.7089,,
2023-02-01,22072.1797,,,27346.8809,1.0523,0.0724,0.5623,,
2023-02-02,21958.3594,,,27402.0508,-0.5157,0.2017,-0.1570,,
2023-02-03,21660.4707,,,27509.4609,-1.3566,0.3920,-0.4823,,
2023-02-06,21222.1602,,,27693.6504,-2.0236,0.6695,-0.6770,,
2023-02-07,21298.6992,,,27685.4707,0.3607,-0.0295,0.1656,,
2023-02-08,21283.5195,,,27606.4609,-0.0713,-0.2854,-0.1783,,
2023-02-09,21624.3594,,,27584.3496,1.6014,-0.0801,0.7607,,
2023-02-10,21190.4199,,,27670.9805,-2.0067,0.3141,-0.8463,,
2023-02-13,21164.4199,,,27427.3203,-0.1227,-0.8806,-0.5016,,
2023-02-14,21113.7598,,,27602.7695,-0.2394,0.6397,0.2002,,
2023-02-15,20812.1699,,,27501.8594,-1.4284,-0.3656,-0.8970,,
2023-02-16,20987.6699,,,27696.4395,0.8433,0.7075,0.7754,,
2023-02-17,20719.8105,,,27513.1309,-1.2763,-0.6618,-0.9691,,
2023-02-20,20886.9609,,,27531.9395,0.8067,0.0684,0.4375,,
2023-02-21,20529.4902,,,27473.0996,-1.7115,-0.2137,-0.9626,,
2023-02-22,20423.8398,,,27104.3203,-0.5146,-1.3423,-0.9285,,
2023-02-23,20351.3496,,,,-0.3549,0.0000,-0.1775,,
2023-02-24,20010.0391,,,27453.4805,-1.6771,1.2882,-0.1944,,
2023-02-27,19943.5098,,,27423.9609,-0.3325,-0.1075,-0.2200,,
2023-02-28,19785.9395,,,27445.5605,-0.7901,0.0788,-0.3557,,
2023-03-01,20619.7109,,,27516.5293,4.2140,0.2586,2.2363,,
2023-03-02,20429.4609,,,27498.8691,-0.9227,-0.0642,-0.4934,,
2023-03-03,20567.5391,,,27927.4707,0.6759,1.5586,1.1172,,
2023-03-06,20603.1895,,,28237.7793,0.1733,1.1111,0.6422,,
2023-03-07,20534.4805,,,28309.1602,-0.3335,0.2528,-0.0404,,
2023-03-08,20051.2500,,,28444.1895,-2.3533,0.4770,-0.9381,,
2023-03-09,19925.7402,,,28623.1504,-0.6259,0.6292,0.0016,,
2023-03-10,19319.9199,,,28143.9707,-3.0404,-1.6741,-2.3572,,
2023-03-13,19695.9707,,,27832.9609,1.9464,-1.1051,0.4207,,
2023-03-14,19247.9609,,,27222.0391,-2.2746,-2.1950,-2.2348,,
2023-03-15,19539.8691,,,27229.4805,1.5166,0.0273,0.7720,,
2023-03-16,19203.9102,,,27010.6094,-1.7194,-0.8038,-1.2616,,
2023-03-17,19518.5898,,,27333.7891,1.6386,1.1965,1.4176,,
2023-03-20,19000.7109,,,26945.6699,-2.6533,-1.4199,-2.0366,,
2023-03-21,19258.7598,,,,1.3581,0.0000,0.6791,,
2023-03-22,19591.4297,,,27466.6094,1.7274,1.9333,1.8303,,
2023-03-23,20049.6406,,,27419.6094,2.3388,-0.1711,1.0839,,
2023-03-24,19915.6797,,,27385.2500,-0.6681,-0.1253,-0.3967,,
2023-03-27,19567.6895,,,27476.8691,-1.7473,0.3346,-0.7064,,
2023-03-28,19784.6504,,,27518.2500,1.1088,0.1506,0.6297,,
2023-03-29,20192.4004,,,27883.7793,2.0609,1.3283,1.6946,,
2023-03-30,20309.1309,,,27782.9297,0.5781,-0.3617,0.1082,,
2023-03-31,20400.1094,,,28041.4805,0.4480,0.9306,0.6893,,
2023-04-03,20409.1797,,,28188.1504,0.0445,0.5230,0.2838,,
2023-04-04,20274.5898,,,28287.4199,-0.6595,0.3522,-0.1536,,
2023-04-05,,,,27813.2598,0.0000,-1.6762,-0.8381,,
2023-04-06,20331.1992,,,27472.6309,0.2792,-1.2247,-0.4727,,
2023-04-07,,,,27518.3105,0.0000,0.1663,0.0831,,
2023-04-10,,,,27633.6602,0.0000,0.4192,0.2096,,
2023-04-11,20485.2402,,,27923.3691,0.7577,1.0484,0.9030,,
2023-04-12,20309.8594,,,28082.6992,-0.8561,0.5706,-0.1428,,
2023-04-13,20344.4805,,,28156.9707,0.1705,0.2645,0.2175,,
2023-04-14,20438.8105,,,28493.4707,0.4637,1.1951,0.8294,,
2023-04-17,20782.4492,,,28514.7793,1.6813,0.0748,0.8780,,
2023-04-18,20650.5098,,,28658.8301,-0.6349,0.5052,-0.0648,,
2023-04-19,20367.7598,,,28606.7598,-1.3692,-0.1817,-0.7755,,
2023-04-20,20396.9707,,,28657.5703,0.1434,0.1776,0.1605,,
2023-04-21,20075.7305,,,28564.3691,-1.5749,-0.3252,-0.9501,,
2023-04-24,19959.9395,,,28593.5195,-0.5768,0.1021,-0.2374,,
2023-04-25,19617.8809,,,28620.0703,-1.7137,0.0929,-0.8104,,
2023-04-26,19757.2695,,,28416.4707,0.7105,-0.7114,-0.0004,,
2023-04-27,19840.2793,,,28457.6797,0.4201,0.1450,0.2826,,
2023-04-28,19894.5703,,,28856.4395,0.2736,1.4012,0.8374,,
2023-05-01,,,,29123.1797,0.0000,0.9244,0.4622,,
2023-05-02,19933.8105,,,29157.9492,0.1972,0.1194,0.1583,,
2023-05-03,19699.1602,,,,-1.1771,0.0000,-0.5886,,
2023-05-04,19948.7305,,,,1.2669,0.0000,0.6335,,
2023-05-05,20049.3105,,,,0.5042,0.0000,0.2521,,
2023-05-08,20297.0293,,,28949.8809,1.2355,-0.7136,0.2610,,
2023-05-09,19867.5801,,,29242.8203,-2.1158,1.0119,-0.5520,,
2023-05-10,19762.1992,,,29122.1797,-0.5304,-0.4125,-0.4715,,
2023-05-11,19743.7891,,,29126.7207,-0.0932,0.0156,-0.0388,,
2023-05-12,19627.2402,,,29388.3008,-0.5903,0.8981,0.1539,,
2023-05-15,19971.1309,,,29626.3398,1.7521,0.8100,1.2810,,
2023-05-16,19978.2500,,,29842.9902,0.0356,0.7313,0.3835,,
2023-05-17,19560.5703,,,30093.5898,-2.0907,0.8397,-0.6255,,
2023-05-18,19727.2500,,,30573.9297,0.8521,1.5962,1.2241,,
2023-05-19,19450.5703,,,30808.3496,-1.4025,0.7667,-0.3179,,
2023-05-22,19678.1699,,,31086.8203,1.1701,0.9039,1.0370,,
2023-05-23,19431.2500,,,30957.7695,-1.2548,-0.4151,-0.8350,,
2023-05-24,19115.9297,,,30682.6797,-1.6227,-0.8886,-1.2557,,
2023-05-25,18746.9199,,,30801.1309,-1.9304,0.3861,-0.7722,,
2023-05-26,,,,30916.3105,0.0000,0.3739,0.1870,,
2023-05-29,18551.1094,,,31233.5391,-1.0445,1.0261,-0.0092,,
2023-05-30,18595.7793,,,31328.1602,0.2408,0.3029,0.2719,,
2023-05-31,18234.2695,,,30887.8809,-1.9440,-1.4054,-1.6747,,
2023-06-01,18216.9102,,,31148.0098,-0.0952,0.8422,0.3735,,
2023-06-02,18949.9395,,,31524.2207,4.0239,1.2078,2.6159,,
2023-06-05,19108.5000,,,32217.4297,0.8367,2.1990,1.5179,,
2023-06-06,19099.2793,,,32506.7793,-0.0483,0.8981,0.4249,,
2023-06-07,19252.0000,,,31913.7402,0.7996,-1.8244,-0.5124,,
2023-06-08,19299.1797,,,31641.2695,0.2451,-0.8538,-0.3044,,
2023-06-09,19389.9492,,,32265.1699,0.4703,1.9718,1.2211,,
2023-06-12,19404.3105,,,32434.0000,0.0741,0.5233,0.2987,,
2023-06-13,19521.4199,,,33018.6484,0.6035,1.8026,1.2031,,
2023-06-14,19408.4199,,,33502.4219,-0.5789,1.4652,0.4432,,
2023-06-15,19828.9199,,,33485.4883,2.1666,-0.0505,1.0580,,
2023-06-16,20040.3691,,,33706.0781,1.0664,0.6588,0.8626,,
2023-06-19,19912.8906,,,33370.4219,-0.6361,-0.9958,-0.8160,,
2023-06-20,19607.0801,,,33388.9102,-1.5357,0.0554,-0.7402,,
2023-06-21,19218.3496,,,33575.1406,-1.9826,0.5578,-0.7124,,
2023-06-22,,,,33264.8789,0.0000,-0.9241,-0.4620,,
2023-06-23,18889.9707,,,32781.5391,-1.7087,-1.4530,-1.5808,,
2023-06-26,18794.1309,,,32698.8105,-0.5074,-0.2524,-0.3799,,
2023-06-27,19148.1309,,,32538.3301,1.8836,-0.4908,0.6964,,
2023-06-28,19172.0508,,,33193.9883,0.1249,2.0150,1.0700,,
2023-06-29,18934.3594,,,33234.1406,-1.2398,0.1210,-0.5594,,
2023-06-30,18916.4297,,,33189.0391,-0.0947,-0.1357,-0.1152,,
2023-07-03,19306.5898,,,33753.3281,2.0625,1.7002,1.8814,,
2023-07-04,19415.6797,,,33422.5195,0.5650,-0.9801,-0.2075,,
2023-07-05,19110.3809,,,33338.6992,-1.5724,-0.2508,-0.9116,,
2023-07-06,18533.0508,,,32773.0195,-3.0210,-1.6968,-2.3589,,
2023-07-07,18365.6992,,,32388.4199,-0.9030,-1.1735,-1.0383,,
2023-07-10,18479.7207,,,32189.7305,0.6208,-0.6135,0.0037,,
2023-07-11,18659.8301,,,32203.5703,0.9746,0.0430,0.5088,,
2023-07-12,18860.9492,,,31943.9297,1.0778,-0.8062,0.1358,,
2023-07-13,19350.6191,,,32419.3301,2.5962,1.4882,2.0422,,
2023-07-14,19413.7793,,,32391.2598,0.3264,-0.0866,0.1199,,
2023-07-18,19015.7207,,,32493.8906,-2.0504,0.3168,-0.8668,,
2023-07-19,18952.3105,,,32896.0312,-0.3335,1.2376,0.4521,,
2023-07-20,18928.0195,,,32490.5195,-0.1282,-1.2327,-0.6804,,
2023-07-21,19075.2598,,,32304.2500,0.7779,-0.5733,0.1023,,
2023-07-24,18668.1504,,,32700.9395,-2.1342,1.2280,-0.4531,,
2023-07-25,19434.4004,,,32682.5098,4.1046,-0.0564,2.0241,,
2023-07-26,19365.1406,,,32668.3398,-0.3564,-0.0434,-0.1999,,
2023-07-27,19639.1094,,,32891.1602,1.4148,0.6821,1.0484,,
2023-07-28,19916.5605,,,32759.2305,1.4127,-0.4011,0.5058,,
2023-07-31,20078.9395,,,33172.2188,0.8153,1.2607,1.0380,,
2023-08-01,20011.1191,,,33476.5781,-0.3378,0.9175,0.2899,,
2023-08-02,19517.3809,,,32707.6895,-2.4673,-2.2968,-2.3821,,
2023-08-03,19420.8691,,,32159.2793,-0.4945,-1.6767,-1.0856,,
2023-08-04,19539.4609,,,32192.7500,0.6106,0.1041,0.3574,,
2023-08-07,19537.9199,,,32254.5605,-0.0079,0.1920,0.0921,,
2023-08-08,19184.1699,,,32377.2891,-1.8106,0.3805,-0.7150,,
2023-08-09,19246.0293,,,32204.3301,0.3225,-0.5342,-0.1059,,
2023-08-10,19248.2598,,,32473.6504,0.0116,0.8363,0.4239,,
2023-08-11,19075.1895,,,,-0.8991,0.0000,-0.4496,,
2023-08-14,18773.5508,,,32059.9102,-1.5813,-1.2741,-1.4277,,
2023-08-15,18581.1094,,,32238.8906,-1.0251,0.5583,-0.2334,,
2023-08-16,18329.3008,,,31766.8203,-1.3552,-1.4643,-1.4097,,
2023-08-17,18326.6309,,,31626.0000,-0.0146,-0.4433,-0.2289,,
2023-08-18,17950.8496,,,31450.7598,-2.0505,-0.5541,-1.3023,,
2023-08-21,17623.2891,,,31565.6406,-1.8248,0.3653,-0.7297,,
2023-08-22,17791.0098,,,31856.7109,0.9517,0.9221,0.9369,,
2023-08-23,17845.9199,,,32010.2598,0.3086,0.4820,0.3953,,
2023-08-24,18212.1699,,,32287.2109,2.0523,0.8652,1.4587,,
2023-08-25,18119.3906,,,31624.2793,-0.5094,-2.0532,-1.2813,,
2023-08-28,18130.7402,,,32169.9902,0.0626,1.7256,0.8941,,
2023-08-29,18484.0293,,,32226.9707,1.9486,0.1771,1.0628,,
2023-08-30,18482.8594,,,32333.4609,-0.0063,0.3304,0.1621,,
2023-08-31,18382.0605,,,32619.3398,-0.5454,0.8842,0.1694,,
2023-09-01,,,,32710.6191,0.0000,0.2798,0.1399,,
2023-09-04,18844.1602,,,32939.1797,2.5139,0.6987,1.6063,,
2023-09-05,18456.9102,,,33036.7617,-2.0550,0.2962,-0.8794,,
2023-09-06,18449.9805,,,33241.0195,-0.0375,0.6183,0.2904,,
2023-09-07,18202.0703,,,32991.0781,-1.3437,-0.7519,-1.0478,,
2023-09-08,,,,32606.8398,0.0000,-1.1647,-0.5823,,
2023-09-11,18096.4492,,,32467.7598,-0.5803,-0.4265,-0.5034,,
2023-09-12,18025.8906,,,32776.3711,-0.3899,0.9505,0.2803,,
2023-09-13,18009.2207,,,32706.5195,-0.0925,-0.2131,-0.1528,,
2023-09-14,18047.9199,,,33168.1016,0.2149,1.4113,0.8131,,
2023-09-15,18182.8906,,,33533.0898,0.7478,1.1004,0.9241,,
2023-09-18,17930.5508,,,,-1.3878,0.0000,-0.6939,,
2023-09-19,17997.1699,,,33242.5898,0.3715,-0.8663,-0.2474,,
2023-09-20,17885.5996,,,33023.7812,-0.6199,-0.6582,-0.6391,,
2023-09-21,17655.4102,,,32571.0293,-1.2870,-1.3710,-1.3290,,
2023-09-22,18057.4492,,,32402.4102,2.2771,-0.5177,0.8797,,
2023-09-25,17729.2891,,,32678.6191,-1.8173,0.8524,-0.4824,,
2023-09-26,17466.9004,,,32315.0508,-1.4800,-1.1126,-1.2963,,
2023-09-27,17611.8691,,,32371.9004,0.8300,0.1759,0.5029,,
2023-09-28,17373.0293,,,31872.5195,-1.3561,-1.5426,-1.4494,,
2023-09-29,17809.6602,,,31857.6191,2.5133,-0.0467,1.2333,,
2023-10-02,,,,31759.8809,0.0000,-0.3068,-0.1534,,
2023-10-03,17331.2207,,,31237.9395,-2.6864,-1.6434,-2.1649,,
2023-10-04,17195.8398,,,30526.8809,-0.7811,-2.2763,-1.5287,,
2023-10-05,17213.8691,,,31075.3594,0.1048,1.7967,0.9508,,
2023-10-06,17485.9805,,,30994.6699,1.5808,-0.2597,0.6606,,
2023-10-09,17517.4004,,,,0.1797,0.0000,0.0898,,
2023-10-10,17664.7305,,,31746.5293,0.8410,2.4258,1.6334,,
2023-10-11,17893.0996,,,31936.5098,1.2928,0.5984,0.9456,,
2023-10-12,18238.2109,,,32494.6602,1.9287,1.7477,1.8382,,
2023-10-13,17813.4492,,,32315.9902,-2.3290,-0.5498,-1.4394,,
2023-10-16,17640.3594,,,31659.0293,-0.9717,-2.0329,-1.5023,,
2023-10-17,17773.3398,,,32040.2891,0.7538,1.2043,0.9791,,
2023-10-18,17732.5195,,,32042.2500,-0.2297,0.0061,-0.1118,,
2023-10-19,17295.8906,,,31430.6191,-2.4623,-1.9088,-2.1856,,
2023-10-20,17172.1309,,,31259.3594,-0.7155,-0.5449,-0.6302,,
2023-10-23,,,,30999.5508,0.0000,-0.8311,-0.4156,,
2023-10-24,16991.5293,,,31062.3496,-1.0517,0.2026,-0.4246,,
2023-10-25,17085.3301,,,31269.9199,0.5520,0.6682,0.6101,,
2023-10-26,17044.6094,,,30601.7793,-0.2383,-2.1367,-1.1875,,
2023-10-27,17398.7305,,,30991.6895,2.0776,1.2741,1.6759,,
2023-10-30,17406.3594,,,30696.9609,0.0438,-0.9510,-0.4536,,
2023-10-31,17112.4805,,,30858.8496,-1.6883,0.5274,-0.5805,,
2023-11-01,17101.7793,,,31601.6504,-0.0625,2.4071,1.1723,,
2023-11-02,17230.5898,,,31949.8906,0.7532,1.1020,0.9276,,
2023-11-03,17664.1191,,,,2.5160,0.0000,1.2580,,
2023-11-06,17966.5898,,,32708.4805,1.7123,2.3743,2.0433,,
2023-11-07,17670.1602,,,32271.8203,-1.6499,-1.3350,-1.4924,,
2023-11-08,17568.4609,,,32166.4805,-0.5755,-0.3264,-0.4510,,
2023-11-09,17511.2891,,,32646.4609,-0.3254,1.4922,0.5834,,
2023-11-10,17203.2598,,,32568.1094,-1.7590,-0.2400,-0.9995,,
2023-11-13,17426.2109,,,32585.1094,1.2960,0.0522,0.6741,,
2023-11-14,17396.8594,,,32695.9297,-0.1684,0.3401,0.0858,,
2023-11-15,18079.0000,,,33519.6992,3.9211,2.5195,3.2203,,
2023-11-16,17832.8203,,,33424.4102,-1.3617,-0.2843,-0.8230,,
2023-11-17,17454.1895,,,33585.1992,-2.1232,0.4811,-0.8211,,
2023-11-20,17778.0703,,,33388.0312,1.8556,-0.5871,0.6343,,
2023-11-21,17733.8906,,,33354.1406,-0.2485,-0.1015,-0.1750,,
2023-11-22,17734.5996,,,33451.8281,0.0040,0.2929,0.1484,,
2023-11-23,17910.8398,,,,0.9938,0.0000,0.4969,,
2023-11-24,17559.4199,,,33625.5312,-1.9621,0.5193,-0.7214,,
2023-11-27,17525.0605,,,33447.6719,-0.1957,-0.5289,-0.3623,,
2023-11-28,17354.1406,,,33408.3906,-0.9753,-0.1174,-0.5464,,
2023-11-29,16993.4395,,,33321.2188,-2.0785,-0.2609,-1.1697,,
2023-11-30,17042.8809,,,33486.8906,0.2909,0.4972,0.3941,,
2023-12-01,16830.3008,,,33431.5117,-1.2473,-0.1654,-0.7063,,
2023-12-04,16646.0508,,,33231.2695,-1.0948,-0.5990,-0.8469,,
2023-12-05,16327.8604,,,32775.8203,-1.9115,-1.3705,-1.6410,,
2023-12-06,16463.2598,,,33445.8984,0.8293,2.0444,1.4368,,
2023-12-07,16345.8896,,,32858.3086,-0.7129,-1.7568,-1.2349,,
2023-12-08,16334.3701,,,32307.8594,-0.0705,-1.6752,-0.8728,,
2023-12-11,16201.4902,,,32791.8008,-0.8135,1.4979,0.3422,,
2023-12-12,16374.5000,,,32843.6992,1.0679,0.1583,0.6131,,
2023-12-13,16228.7500,,,32926.3516,-0.8901,0.2517,-0.3192,,
2023-12-14,16402.1895,,,32686.2500,1.0687,-0.7292,0.1698,,
2023-12-15,16792.1895,,,32970.5508,2.3777,0.8698,1.6238,,
2023-12-18,16629.2305,,,32758.9805,-0.9704,-0.6417,-0.8061,,
2023-12-19,16505.0000,,,33219.3906,-0.7471,1.4054,0.3292,,
2023-12-20,16613.8105,,,33675.9414,0.6593,1.3744,1.0168,,
2023-12-21,16621.1309,,,33140.4688,0.0441,-1.5901,-0.7730,,
2023-12-22,16340.4102,,,33169.0508,-1.6889,0.0862,-0.8013,,
2023-12-25,,,,33254.0312,0.0000,0.2562,0.1281,,
2023-12-26,,,,33305.8516,0.0000,0.1558,0.0779,,
2023-12-27,16624.8398,,,33681.2383,1.7407,1.1271,1.4339,,
2023-12-28,17043.5293,,,33539.6211,2.5185,-0.4205,1.0490,,
2023-12-29,17047.3906,,,33464.1719,0.0227,-0.2250,-0.1011,,
2024-01-02,16788.5508,,,,-1.5184,0.0000,-0.7592,,
2024-01-03,16646.4102,,,,-0.8467,0.0000,-0.4233,,
2024-01-04,16645.9805,,,33288.2891,-0.0026,-0.5256,-0.2641,,
2024-01-05,16535.3301,,,33377.4219,-0.6647,0.2678,-0.1985,,
2024-01-08,16224.4502,,,,-1.8801,0.0000,-0.9400,,
2024-01-09,16190.0195,,,33763.1797,-0.2122,1.1557,0.4718,,
2024-01-10,16097.2803,,,34441.7188,-0.5728,2.0097,0.7184,,
2024-01-11,16302.0400,,,35049.8594,1.2720,1.7657,1.5189,,
2024-01-12,16244.5801,,,35577.1094,-0.3525,1.5043,0.5759,,
2024-01-15,16216.3301,,,35901.7891,-0.1739,0.9126,0.3694,,
2024-01-16,15865.9199,,,35619.1797,-2.1608,-0.7872,-1.4740,,
2024-01-17,15276.9004,,,35477.7500,-3.7125,-0.3971,-2.0548,,
2024-01-18,15391.7900,,,35466.1719,0.7520,-0.0326,0.3597,,
2024-01-19,15308.6904,,,35963.2695,-0.5399,1.4016,0.4309,,
2024-01-22,14961.1797,,,36546.9492,-2.2700,1.6230,-0.3235,,
2024-01-23,15353.9805,,,36517.5703,2.6255,-0.0804,1.2725,,
2024-01-24,15899.8701,,,36226.4805,3.5554,-0.7971,1.3791,,
2024-01-25,16211.9600,,,36236.4688,1.9628,0.0276,0.9952,,
2024-01-26,15952.2305,,,35751.0703,-1.6021,-1.3395,-1.4708,,
2024-01-29,16077.2402,,,36026.9414,0.7837,0.7716,0.7776,,
2024-01-30,15703.4502,,,36065.8594,-2.3250,0.1080,-1.1085,,
2024-01-31,15485.0703,,,36286.7109,-1.3906,0.6124,-0.3891,,
2024-02-01,15566.2100,,,36011.4609,0.5240,-0.7585,-0.1173,,
2024-02-02,15533.5596,,,36158.0195,-0.2098,0.4070,0.0986,,
2024-02-05,15510.0098,,,36354.1602,-0.1516,0.5425,0.1954,,
2024-02-06,16136.8701,,,36160.6602,4.0417,-0.5323,1.7547,,
2024-02-07,16081.8896,,,36119.9219,-0.3407,-0.1127,-0.2267,,
2024-02-08,15878.0703,,,36863.2812,-1.2674,2.0580,0.3953,,
2024-02-09,15746.5801,,,36897.4219,-0.8281,0.0926,-0.3678,,
2024-02-13,,,,37963.9688,0.0000,2.8906,1.4453,,
2024-02-14,15879.3799,,,37703.3203,0.8434,-0.6866,0.0784,,
2024-02-15,15944.6299,,,38157.9414,0.4109,1.2058,0.8083,,
2024-02-16,16339.9600,,,38487.2383,2.4794,0.8630,1.6712,,
2024-02-19,16155.6104,,,38470.3789,-1.1282,-0.0438,-0.5860,,
2024-02-20,16247.5098,,,38363.6094,0.5688,-0.2775,0.1457,,
2024-02-21,16503.0996,,,38262.1602,1.5731,-0.2644,0.6543,,
2024-02-22,16742.9492,,,39098.6797,1.4534,2.1863,1.8198,,
2024-02-23,16725.8594,,,,-0.1021,0.0000,-0.0510,,
2024-02-26,16634.7402,,,39233.7109,-0.5448,0.3454,-0.0997,,
2024-02-27,16790.8008,,,39239.5195,0.9382,0.0148,0.4765,,
2024-02-28,16536.8496,,,39208.0312,-1.5124,-0.0802,-0.7963,,
2024-02-29,16511.4395,,,39166.1914,-0.1537,-0.1067,-0.1302,,
2024-03-01,16589.4395,,,39910.8203,0.4724,1.9012,1.1868,,
2024-03-04,16595.9707,,,40109.2305,0.0394,0.4971,0.2683,,
2024-03-05,16162.6396,,,40097.6289,-2.6111,-0.0289,-1.3200,,
2024-03-06,16438.0898,,,40090.7812,1.7042,-0.0171,0.8436,,
2024-03-07,16229.7803,,,39598.7109,-1.2672,-1.2274,-1.2473,,
2024-03-08,16353.3896,,,39688.9414,0.7616,0.2279,0.4947,,
2024-03-11,16587.5703,,,38820.4883,1.4320,-2.1881,-0.3781,,
2024-03-12,17093.5000,,,38797.5117,3.0501,-0.0592,1.4954,,
2024-03-13,17082.1094,,,38695.9688,-0.0666,-0.2617,-0.1642,,
2024-03-14,16961.6602,,,38807.3789,-0.7051,0.2879,-0.2086,,
2024-03-15,16720.8906,,,38707.6406,-1.4195,-0.2570,-0.8383,,
2024-03-18,16737.1191,,,39740.4414,0.0971,2.6682,1.3826,,
2024-03-19,16529.4805,,,40003.6016,-1.2406,0.6622,-0.2892,,
2024-03-20,16543.0703,,,,0.0822,0.0000,0.0411,,
2024-03-21,16863.0996,,,40815.6602,1.9345,2.0300,1.9822,,
2024-03-22,16499.4707,,,40888.4297,-2.1564,0.1783,-0.9890,,
2024-03-25,16473.6406,,,40414.1211,-0.1566,-1.1600,-0.6583,,
2024-03-26,16618.3203,,,40398.0312,0.8782,-0.0398,0.4192,,
2024-03-27,16392.8398,,,40762.7305,-1.3568,0.9028,-0.2270,,
2024-03-28,16541.4199,,,40168.0703,0.9064,-1.4588,-0.2762,,
2024-03-29,,,,40369.4414,0.0000,0.5013,0.2507,,
2024-04-01,,,,39803.0898,0.0000,-1.4029,-0.7015,,
2024-04-02,16931.5195,,,39838.9102,2.3583,0.0900,1.2242,,
2024-04-03,16725.0996,,,39451.8516,-1.2191,-0.9716,-1.0954,,
2024-04-04,,,,39773.1406,0.0000,0.8144,0.4072,,
2024-04-05,16723.9199,,,38992.0781,-0.0071,-1.9638,-0.9854,,
2024-04-08,16732.8496,,,39347.0391,0.0534,0.9103,0.4819,,
2024-04-09,16828.0703,,,39773.1289,0.5691,1.0829,0.8260,,
2024-04-10,17139.1699,,,39581.8086,1.8487,-0.4810,0.6838,,
2024-04-11,17095.0293,,,39442.6289,-0.2575,-0.3516,-0.3046,,
2024-04-12,16721.6895,,,39523.5508,-2.1839,0.2052,-0.9894,,
2024-04-15,16600.4609,,,39232.8008,-0.7250,-0.7356,-0.7303,,
2024-04-16,16248.9697,,,38471.1992,-2.1174,-1.9412,-2.0293,,
2024-04-17,16251.8398,,,37961.8008,0.0177,-1.3241,-0.6532,,
2024-04-18,16385.8691,,,38079.6992,0.8247,0.3106,0.5676,,
2024-04-19,16224.1396,,,37068.3516,-0.9870,-2.6559,-1.8214,,
2024-04-22,16511.6895,,,37438.6094,1.7724,0.9989,1.3856,,
2024-04-23,16828.9297,,,37552.1602,1.9213,0.3033,1.1123,,
2024-04-24,17201.2695,,,38460.0781,2.2125,2.4178,2.3151,,
2024-04-25,17284.5391,,,37628.4805,0.4841,-2.1622,-0.8391,,
2024-04-26,17651.1504,,,37934.7617,2.1210,0.8140,1.4675,,
2024-04-29,17746.9102,,,,0.5425,0.0000,0.2713,,
2024-04-30,17763.0293,,,38405.6602,0.0908,1.2413,0.6661,,
2024-05-01,,,,38274.0508,0.0000,-0.3427,-0.1713,,
2024-05-02,18207.1309,,,38236.0703,2.5001,-0.0992,1.2005,,
2024-05-03,18475.9199,,,,1.4763,0.0000,0.7381,,
2024-05-06,18578.3008,,,,0.5541,0.0000,0.2771,,
2024-05-07,18479.3691,,,38835.1016,-0.5325,1.5667,0.5171,,
2024-05-08,18313.8594,,,38202.3711,-0.8956,-1.6293,-1.2625,,
2024-05-09,18537.8105,,,38073.9805,1.2229,-0.3361,0.4434,,
2024-05-10,18963.6797,,,38229.1094,2.2973,0.4074,1.3524,,
2024-05-13,19115.0605,,,38179.4609,0.7983,-0.1299,0.3342,,
2024-05-14,19073.7109,,,38356.0586,-0.2163,0.4625,0.1231,,
2024-05-15,,,,38385.7305,0.0000,0.0774,0.0387,,
2024-05-16,19376.5293,,,38920.2617,1.5876,1.3925,1.4901,,
2024-05-17,19553.6094,,,38787.3789,0.9139,-0.3414,0.2862,,
2024-05-20,19636.2207,,,39069.6797,0.4225,0.7278,0.5752,,
2024-05-21,19220.6191,,,38946.9297,-2.1165,-0.3142,-1.2153,,
2024-05-22,19195.5996,,,38617.1016,-0.1302,-0.8469,-0.4885,,
2024-05-23,18868.7109,,,39103.2188,-1.7029,1.2588,-0.2221,,
2024-05-24,18608.9395,,,38646.1094,-1.3767,-1.1690,-1.2729,,
2024-05-27,18827.3496,,,38900.0195,1.1737,0.6570,0.9153,,
2024-05-28,18821.1602,,,38855.3711,-0.0329,-0.1148,-0.0738,,
2024-05-29,18477.0098,,,38556.8711,-1.8285,-0.7682,-1.2984,,
2024-05-30,18230.1895,,,38054.1289,-1.3358,-1.3039,-1.3199,,
2024-05-31,18079.6094,,,38487.8984,-0.8260,1.1399,0.1569,,
2024-06-03,18403.0391,,,38923.0312,1.7889,1.1306,1.4597,,
2024-06-04,18444.1094,,,38837.4609,0.2232,-0.2198,0.0017,,
2024-06-05,18424.9609,,,38490.1719,-0.1038,-0.8942,-0.4990,,
2024-06-06,18476.8008,,,38703.5117,0.2814,0.5543,0.4178,,
2024-06-07,18366.9492,,,38683.9297,-0.5945,-0.0506,-0.3226,,
2024-06-10,,,,39038.1602,0.0000,0.9157,0.4579,,
2024-06-11,18176.3398,,,39134.7891,-1.0378,0.2475,-0.3951,,
2024-06-12,17937.8398,,,38876.7109,-1.3121,-0.6595,-0.9858,,
2024-06-13,18112.6309,,,38720.4688,0.9744,-0.4019,0.2863,,
2024-06-14,17941.7793,,,38814.5586,-0.9433,0.2430,-0.3501,,
2024-06-17,17936.1191,,,38102.4414,-0.0315,-1.8347,-0.9331,,
2024-06-18,17915.5508,,,38482.1094,-0.1147,0.9964,0.4409,,
2024-06-19,18430.3906,,,38570.7617,2.8737,0.2304,1.5520,,
2024-06-20,18335.3203,,,38633.0195,-0.5158,0.1614,-0.1772,,
2024-06-21,18028.5195,,,38596.4688,-1.6733,-0.0946,-0.8839,,
2024-06-24,18027.7109,,,38804.6484,-0.0045,0.5394,0.2674,,
2024-06-25,18072.9004,,,39173.1484,0.2507,0.9496,0.6001,,
2024-06-26,18089.9297,,,39667.0703,0.0942,1.2609,0.6775,,
2024-06-27,17716.4707,,,39341.5391,-2.0645,-0.8207,-1.4426,,
2024-06-28,17718.6094,,,39583.0781,0.0121,0.6140,0.3130,,
2024-07-01,,,,39631.0586,0.0000,0.1212,0.0606,,
2024-07-02,17769.1406,,,40074.6914,0.2852,1.1194,0.7023,,
2024-07-03,17978.5703,,,40580.7617,1.1786,1.2628,1.2207,,
2024-07-04,18028.2793,,,40913.6484,0.2765,0.8203,0.5484,,
2024-07-05,17799.6094,,,40912.3711,-1.2684,-0.0031,-0.6358,,
2024-07-08,17524.0605,,,40780.6992,-1.5481,-0.3218,-0.9349,,
2024-07-09,17523.2305,,,41580.1719,-0.0047,1.9604,0.9778,,
2024-07-10,17471.6699,,,41831.9883,-0.2942,0.6056,0.1557,,
2024-07-11,17832.3301,,,42224.0195,2.0643,0.9372,1.5007,,
2024-07-12,18293.3809,,,41190.6797,2.5855,-2.4473,0.0691,,
2024-07-15,18015.9395,,,,-1.5166,0.0000,-0.7583,,
2024-07-16,17727.9805,,,41275.0781,-1.5984,0.2049,-0.6967,,
2024-07-17,17739.4102,,,41097.6914,0.0645,-0.4298,-0.1826,,
2024-07-18,17778.4102,,,40126.3516,0.2198,-2.3635,-1.0718,,
2024-07-19,17417.6797,,,40063.7891,-2.0290,-0.1559,-1.0925,,
2024-07-22,17635.8809,,,39599.0000,1.2528,-1.1601,0.0463,,
2024-07-23,17469.3594,,,39594.3906,-0.9442,-0.0116,-0.4779,,
2024-07-24,17311.0508,,,39154.8516,-0.9062,-1.1101,-1.0082,,
2024-07-25,17021.9102,,,37869.5117,-1.6703,-3.2827,-2.4765,,
2024-07-26,17021.3105,,,37667.4102,-0.0035,-0.5337,-0.2686,,
2024-07-29,17238.3398,,,38468.6289,1.2750,2.1271,1.7011,,
2024-07-30,17002.9102,,,38525.9492,-1.3657,0.1490,-0.6084,,
2024-07-31,17344.5996,,,39101.8203,2.0096,1.4948,1.7522,,
2024-08-01,17304.9609,,,38126.3281,-0.2285,-2.4947,-1.3616,,
2024-08-02,16945.5098,,,35909.6992,-2.0772,-5.8139,-3.9455,,
2024-08-05,16698.3594,,,31458.4199,-1.4585,-12.3958,-6.9271,,
2024-08-06,16647.3398,,,34675.4609,-0.3055,10.2263,4.9604,,
2024-08-07,16877.8594,,,35089.6211,1.3847,1.1944,1.2896,,
2024-08-08,16891.8301,,,34831.1484,0.0828,-0.7366,-0.3269,,
2024-08-09,17090.2305,,,35025.0000,1.1745,0.5565,0.8655,,
2024-08-12,17111.6504,,,,0.1253,0.0000,0.0627,,
2024-08-13,17174.0605,,,36232.5117,0.3647,3.4476,1.9061,,
2024-08-14,17113.3594,,,36442.4297,-0.3534,0.5794,0.1130,,
2024-08-15,17109.1406,,,36726.6406,-0.0247,0.7799,0.3776,,
2024-08-16,17430.1602,,,38062.6719,1.8763,3.6378,2.7570,,
2024-08-19,17569.5703,,,37388.6211,0.7998,-1.7709,-0.4855,,
2024-08-20,17511.0801,,,38062.9219,-0.3329,1.8035,0.7353,,
2024-08-21,17391.0098,,,37951.8008,-0.6857,-0.2919,-0.4888,,
2024-08-22,17641.0000,,,38211.0117,1.4375,0.6830,1.0602,,
2024-08-23,17612.0996,,,38364.2695,-0.1638,0.4011,0.1186,,
2024-08-26,17798.7305,,,38110.2188,1.0597,-0.6622,0.1987,,
2024-08-27,17874.6699,,,38288.6211,0.4267,0.4681,0.4474,,
2024-08-28,17692.4492,,,38371.7617,-1.0194,0.2171,-0.4011,,
2024-08-29,17786.3203,,,38362.5312,0.5306,-0.0241,0.2533,,
2024-08-30,17989.0703,,,38647.7500,1.1399,0.7435,0.9417,,
2024-09-02,17691.9707,,,38700.8711,-1.6516,0.1374,-0.7571,,
2024-09-03,17651.4902,,,38686.3086,-0.2288,-0.0376,-0.1332,,
2024-09-04,17457.3398,,,37047.6094,-1.0999,-4.2359,-2.6679,,
2024-09-05,17444.3008,,,36657.0898,-0.0747,-1.0541,-0.5644,,
2024-09-06,,,,36391.4688,0.0000,-0.7246,-0.3623,,
2024-09-09,17196.9609,,,36215.7500,-1.4179,-0.4829,-0.9504,,
2024-09-10,17234.0898,,,36159.1602,0.2159,-0.1563,0.0298,,
2024-09-11,17108.7109,,,35619.7695,-0.7275,-1.4917,-1.1096,,
2024-09-12,17240.3906,,,36833.2695,0.7697,3.4068,2.0882,,
2024-09-13,17369.0898,,,36581.7617,0.7465,-0.6828,0.0318,,
2024-09-16,17422.1191,,,,0.3053,0.0000,0.1527,,
2024-09-17,17660.0195,,,36203.2188,1.3655,-1.0348,0.1654,,
2024-09-18,,,,36380.1719,0.0000,0.4888,0.2444,,
2024-09-19,18013.1602,,,37155.3281,1.9997,2.1307,2.0652,,
2024-09-20,18258.5703,,,37723.9102,1.3624,1.5303,1.4463,,
2024-09-23,18247.1094,,,,-0.0628,0.0000,-0.0314,,
2024-09-24,19000.5605,,,37940.5898,4.1292,0.5744,2.3518,,
2024-09-25,19129.0996,,,37870.2617,0.6765,-0.1854,0.2456,,
2024-09-26,19924.5801,,,38925.6289,4.1585,2.7868,3.4726,,
2024-09-27,20632.3008,,,39829.5586,3.5520,2.3222,2.9371,,
2024-09-30,21133.6797,,,37919.5508,2.4301,-4.7955,-1.1827,,
2024-10-01,,,,38651.9688,0.0000,1.9315,0.9658,,
2024-10-02,22443.7305,,,37808.7617,6.1989,-2.1815,2.0087,,
2024-10-03,22113.5098,,,38552.0586,-1.4713,1.9659,0.2473,,
2024-10-04,22736.8691,,,38635.6211,2.8189,0.2168,1.5178,,
2024-10-07,23099.7793,,,39332.7383,1.5961,1.8043,1.7002,,
2024-10-08,20926.7891,,,38937.5391,-9.4070,-1.0048,-5.2059,,
2024-10-09,20637.2402,,,39277.9609,-1.3836,0.8743,-0.2547,,
2024-10-10,21251.9805,,,39380.8906,2.9788,0.2621,1.6204,,
2024-10-11,,,,39605.8008,0.0000,0.5711,0.2856,,
2024-10-14,21092.8691,,,,-0.7487,0.0000,-0.3743,,
2024-10-15,20318.7891,,,39910.5508,-3.6699,0.7695,-1.4502,,
2024-10-16,20286.8496,,,39180.3008,-0.1572,-1.8297,-0.9935,,
2024-10-17,20079.0996,,,38911.1914,-1.0241,-0.6868,-0.8555,,
2024-10-18,20804.1094,,,38981.7500,3.6108,0.1813,1.8961,,
2024-10-21,20478.4609,,,38954.6016,-1.5653,-0.0696,-0.8175,,
2024-10-22,20498.9492,,,38411.9609,0.1000,-1.3930,-0.6465,,
2024-10-23,20760.1504,,,38104.8594,1.2742,-0.7995,0.2374,,
2024-10-24,20489.6191,,,38143.2891,-1.3031,0.1009,-0.6011,,
2024-10-25,20590.1504,,,37913.9219,0.4906,-0.6013,-0.0553,,
2024-10-28,20599.3594,,,38605.5312,0.0447,1.8242,0.9344,,
2024-10-29,20701.1406,,,38903.6797,0.4941,0.7723,0.6332,,
2024-10-30,20380.6406,,,39277.3906,-1.5482,0.9606,-0.2938,,
2024-10-31,20317.3301,,,39081.2500,-0.3106,-0.4994,-0.4050,,
2024-11-01,20506.4297,,,38053.6719,0.9307,-2.6293,-0.8493,,
2024-11-04,20567.5195,,,,0.2979,0.0000,0.1490,,
2024-11-05,21006.9707,,,38474.8984,2.1366,1.1069,1.6218,,
2024-11-06,20538.3809,,,39480.6719,-2.2306,2.6141,0.1917,,
2024-11-07,20953.3398,,,39381.4102,2.0204,-0.2514,0.8845,,
2024-11-08,20728.1895,,,39500.3711,-1.0745,0.3021,-0.3862,,
2024-11-11,20426.9297,,,39533.3203,-1.4534,0.0834,-0.6850,,
2024-11-12,19846.8809,,,39376.0898,-2.8396,-0.3977,-1.6187,,
2024-11-13,19823.4492,,,38721.6602,-0.1181,-1.6620,-0.8900,,
2024-11-14,19435.8105,,,38535.6992,-1.9555,-0.4803,-1.2179,,
2024-11-15,19426.3398,,,38642.9102,-0.0487,0.2782,0.1147,,
2024-11-18,19576.6094,,,38220.8516,0.7735,-1.0922,-0.1593,,
2024-11-19,19663.6699,,,38414.4297,0.4447,0.5065,0.4756,,
2024-11-20,19705.0098,,,38352.3398,0.2102,-0.1616,0.0243,,
2024-11-21,19601.1094,,,38026.1719,-0.5273,-0.8505,-0.6889,,
2024-11-22,19229.9707,,,38283.8516,-1.8935,0.6776,-0.6079,,
2024-11-25,19150.9902,,,38780.1406,-0.4107,1.2963,0.4428,,
2024-11-26,19159.1992,,,38442.0000,0.0429,-0.8719,-0.4145,,
2024-11-27,19603.1309,,,38134.9688,2.3171,-0.7987,0.7592,,
2024-11-28,19366.9609,,,38349.0586,-1.2048,0.5614,-0.3217,,
2024-11-29,19423.6094,,,38208.0312,0.2925,-0.3677,-0.0376,,
2024-12-02,19550.2891,,,38513.0195,0.6522,0.7982,0.7252,,
2024-12-03,19746.3203,,,39248.8594,1.0027,1.9106,1.4567,,
2024-12-04,19742.4609,,,39276.3906,-0.0195,0.0701,0.0253,,
2024-12-05,19560.4395,,,39395.6016,-0.9220,0.3035,-0.3092,,
2024-12-06,19865.8496,,,39091.1719,1.5614,-0.7728,0.3943,,
2024-12-09,20414.0898,,,39160.5000,2.7597,0.1773,1.4685,,
2024-12-10,20311.2793,,,39367.5781,-0.5036,0.5288,0.0126,,
2024-12-11,20155.0508,,,39372.2305,-0.7692,0.0118,-0.3787,,
2024-12-12,20397.0508,,,39849.1406,1.2007,1.2113,1.2060,,
2024-12-13,19971.2402,,,39470.4414,-2.0876,-0.9503,-1.5190,,
2024-12-16,19795.4902,,,39457.4883,-0.8800,-0.0328,-0.4564,,
2024-12-17,19700.4805,,,39364.6797,-0.4800,-0.2352,-0.3576,,
2024-12-18,19864.5508,,,39081.7109,0.8328,-0.7188,0.0570,,
2024-12-19,19752.5098,,,38813.5781,-0.5640,-0.6861,-0.6251,,
2024-12-20,19720.6992,,,38701.8984,-0.1610,-0.2877,-0.2244,,
2024-12-23,19883.1309,,,39161.3398,0.8237,1.1871,1.0054,,
2024-12-24,20098.2891,,,39036.8516,1.0821,-0.3179,0.3821,,
2024-12-25,,,,39130.4297,0.0000,0.2397,0.1199,,
2024-12-26,,,,39568.0586,0.0000,1.1184,0.5592,,
2024-12-27,20090.4609,,,40281.1602,-0.0389,1.8022,0.8816,,
2024-12-30,20041.4199,,,39894.5391,-0.2441,-0.9598,-0.6020,,
2024-12-31,20059.9492,,,,0.0925,0.0000,0.0462,,
2025-01-02,19623.3203,,,,-2.1766,0.0000,-1.0883,,
2025-01-03,19760.2695,,,,0.6979,0.0000,0.3489,,
2025-01-06,19688.2891,,,39307.0508,-0.3643,-1.4726,-0.9184,,
2025-01-07,19447.5801,,,40083.3008,-1.2226,1.9748,0.3761,,
2025-01-08,19279.8398,,,39981.0586,-0.8625,-0.2551,-0.5588,,
2025-01-09,19240.8906,,,39605.0898,-0.2020,-0.9404,-0.5712,,
2025-01-10,19064.2891,,,39190.3984,-0.9178,-1.0471,-0.9825,,
2025-01-13,18874.1406,,,,-0.9974,0.0000,-0.4987,,
2025-01-14,19219.7793,,,38474.3008,1.8313,-1.8272,0.0020,,
2025-01-15,19286.0703,,,38444.5781,0.3449,-0.0773,0.1338,,
2025-01-16,19522.8906,,,38572.6016,1.2279,0.3330,0.7805,,
2025-01-17,19584.0605,,,38451.4609,0.3133,-0.3141,-0.0004,,
2025-01-20,19925.8105,,,38902.5000,1.7450,1.1730,1.4590,,
2025-01-21,20106.5508,,,39027.9805,0.9071,0.3226,0.6148,,
2025-01-22,19778.7695,,,39646.2500,-1.6302,1.5842,-0.0230,,
2025-01-23,19700.5605,,,39958.8711,-0.3954,0.7885,0.1966,,
2025-01-24,20066.1895,,,39931.9805,1.8559,-0.0673,0.8943,,
2025-01-27,20197.7695,,,39565.8008,0.6557,-0.9170,-0.1306,,
2025-01-28,20225.1094,,,39016.8711,0.1354,-1.3874,-0.6260,,
2025-01-29,,,,39414.7812,0.0000,1.0198,0.5099,,
2025-01-30,,,,39513.9688,0.0000,0.2517,0.1258,,
2025-01-31,,,,39572.4883,0.0000,0.1481,0.0740,,
2025-02-03,20217.2598,,,38520.0898,-0.0388,-2.6594,-1.3491,,
2025-02-04,20789.9609,,,38798.3711,2.8327,0.7224,1.7776,,
2025-02-05,20597.0898,,,38831.4805,-0.9277,0.0853,-0.4212,,
2025-02-06,20891.6191,,,39066.5312,1.4300,0.6053,1.0176,,
2025-02-07,21133.5391,,,38787.0195,1.1580,-0.7155,0.2212,,
2025-02-10,21521.9805,,,38801.1719,1.8380,0.0365,0.9373,,
2025-02-11,21294.8594,,,,-1.0553,0.0000,-0.5276,,
2025-02-12,21857.9199,,,38963.6992,2.6441,0.4189,1.5315,,
2025-02-13,21814.3691,,,39461.4688,-0.1992,1.2775,0.5391,,
2025-02-14,22620.3301,,,39149.4297,3.6946,-0.7907,1.4519,,
2025-02-17,22616.2305,,,39174.2500,-0.0181,0.0634,0.0226,,
2025-02-18,22976.8105,,,39270.3984,1.5943,0.2454,0.9199,,
2025-02-19,22944.2402,,,39164.6094,-0.1418,-0.2694,-0.2056,,
2025-02-20,22576.9805,,,38678.0391,-1.6007,-1.2424,-1.4215,,
2025-02-21,23477.9199,,,38776.9414,3.9905,0.2557,2.1231,,
2025-02-24,23341.6094,,,,-0.5806,0.0000,-0.2903,,
2025-02-25,23034.0195,,,38237.7891,-1.3178,-1.3904,-1.3541,,
2025-02-26,23787.9297,,,38142.3711,3.2730,-0.2495,1.5117,,
2025-02-27,23718.2891,,,38256.1719,-0.2928,0.2984,0.0028,,
2025-02-28,22941.3203,,,37155.5000,-3.2758,-2.8771,-3.0765,,
2025-03-03,23006.2695,,,37785.4688,0.2831,1.6955,0.9893,,
2025-03-04,22941.7695,,,37331.1797,-0.2804,-1.2023,-0.7413,,
2025-03-05,23594.2109,,,37418.2383,2.8439,0.2332,1.5386,,
2025-03-06,24369.7109,,,37704.9297,3.2868,0.7662,2.0265,,
2025-03-07,24231.3008,,,36887.1719,-0.5680,-2.1688,-1.3684,,
2025-03-10,23783.4902,,,37028.2695,-1.8481,0.3825,-0.7328,,
2025-03-11,23782.1406,,,36793.1094,-0.0057,-0.6351,-0.3204,,
2025-03-12,23600.3105,,,36819.0898,-0.7646,0.0706,-0.3470,,
2025-03-13,23462.6504,,,36790.0312,-0.5833,-0.0789,-0.3311,,
2025-03-14,23959.9805,,,37053.1016,2.1197,0.7151,1.4174,,
2025-03-17,24145.5703,,,37396.5195,0.7746,0.9268,0.8507,,
2025-03-18,24740.5703,,,37845.4219,2.4642,1.2004,1.8323,,
2025-03-19,24771.1406,,,37751.8789,0.1236,-0.2472,-0.0618,,
2025-03-20,24219.9492,,,,-2.2251,0.0000,-1.1126,,
2025-03-21,23689.7207,,,37677.0586,-2.1892,-0.1982,-1.1937,,
2025-03-24,23905.5605,,,37608.4883,0.9111,-0.1820,0.3646,,
2025-03-25,23344.2500,,,37780.5391,-2.3480,0.4575,-0.9453,,
2025-03-26,23483.3203,,,38027.2891,0.5957,0.6531,0.6244,,
2025-03-27,23578.8008,,,37799.9688,0.4066,-0.5978,-0.0956,,
2025-03-28,23426.5996,,,37120.3281,-0.6455,-1.7980,-1.2217,,
2025-03-31,23119.5801,,,35617.5586,-1.3106,-4.0484,-2.6795,,
2025-04-01,23206.8398,,,35624.4805,0.3774,0.0194,0.1984,,
2025-04-02,23202.5293,,,35725.8711,-0.0186,0.2846,0.1330,,
2025-04-03,22849.8105,,,34735.9297,-1.5202,-2.7709,-2.1456,,
2025-04-04,,,,33780.5781,0.0000,-2.7503,-1.3752,,
2025-04-07,19828.3008,,,31136.5801,-13.2233,-7.8270,-10.5252,,
2025-04-08,20127.6797,,,33012.5781,1.5099,6.0251,3.7675,,
2025-04-09,20264.4902,,,31714.0293,0.6797,-3.9335,-1.6269,,
2025-04-10,20681.7793,,,34609.0000,2.0592,9.1284,5.5938,,
2025-04-11,20914.6895,,,33585.5781,1.1262,-2.9571,-0.9155,,
2025-04-14,21417.4004,,,33982.3594,2.4036,1.1814,1.7925,,
2025-04-15,21466.2695,,,34267.5391,0.2282,0.8392,0.5337,,
2025-04-16,21056.9805,,,33920.3984,-1.9067,-1.0130,-1.4598,,
2025-04-17,21395.1406,,,34377.6016,1.6059,1.3479,1.4769,,
2025-04-18,,,,34730.2812,0.0000,1.0259,0.5129,,
2025-04-21,,,,34279.9219,0.0000,-1.2967,-0.6484,,
2025-04-22,21562.3203,,,34220.6016,0.7814,-0.1730,0.3042,,
2025-04-23,22072.6191,,,34868.6289,2.3666,1.8937,2.1301,,
2025-04-24,21909.7598,,,35039.1484,-0.7378,0.4890,-0.1244,,
2025-04-25,21980.7402,,,35705.7383,0.3240,1.9024,1.1132,,
2025-04-28,21971.9609,,,35839.9883,-0.0399,0.3760,0.1680,,
2025-04-29,22008.1094,,,,0.1645,0.0000,0.0823,,
2025-04-30,22119.4102,,,36045.3789,0.5057,0.5731,0.5394,,
2025-05-01,,,,36452.3008,0.0000,1.1289,0.5645,,
2025-05-02,22504.6797,,,36830.6914,1.7418,1.0380,1.3899,,
2025-05-06,22662.7109,,,,0.7022,0.0000,0.3511,,
2025-05-07,22691.8809,,,36779.6602,0.1287,-0.1386,-0.0049,,
2025-05-08,22775.9199,,,36928.6289,0.3703,0.4050,0.3877,,
2025-05-09,22867.7402,,,37503.3281,0.4031,1.5562,0.9797,,
2025-05-12,23549.4609,,,37644.2617,2.9811,0.3758,1.6785,,
2025-05-13,23108.2695,,,38183.2617,-1.8735,1.4318,-0.2208,,
2025-05-14,23640.6504,,,38128.1289,2.3039,-0.1444,1.0797,,
2025-05-15,23453.1602,,,37755.5117,-0.7931,-0.9773,-0.8852,,
2025-05-16,23345.0508,,,37753.7188,-0.4610,-0.0047,-0.2329,,
2025-05-19,23332.7207,,,37498.6289,-0.0528,-0.6757,-0.3642,,
2025-05-20,23681.4805,,,37529.4883,1.4947,0.0823,0.7885,,
2025-05-21,23827.7793,,,37298.9805,0.6178,-0.6142,0.0018,,
2025-05-22,23544.3105,,,36985.8711,-1.1897,-0.8395,-1.0146,,
2025-05-23,23601.2598,,,37160.4688,0.2419,0.4721,0.3570,,
2025-05-26,23282.3301,,,37531.5312,-1.3513,0.9985,-0.1764,,
2025-05-27,23381.9902,,,37724.1094,0.4281,0.5131,0.4706,,
2025-05-28,23258.3105,,,37722.3984,-0.5290,-0.0045,-0.2667,,
2025-05-29,23573.3809,,,38432.9805,1.3547,1.8837,1.6192,,
2025-05-30,23289.7695,,,37965.1016,-1.2031,-1.2174,-1.2102,,
2025-06-02,23157.9707,,,37470.6719,-0.5659,-1.3023,-0.9341,,
2025-06-03,23512.4902,,,37446.8086,1.5309,-0.0637,0.7336,,
2025-06-04,23654.0293,,,37747.4492,0.6020,0.8028,0.7024,,
2025-06-05,23906.9707,,,37554.4883,1.0693,-0.5112,0.2791,,
2025-06-06,23792.5391,,,37741.6094,-0.4787,0.4983,0.0098,,
2025-06-09,24181.4297,,,38088.5703,1.6345,0.9193,1.2769,,
2025-06-10,24162.8691,,,38211.5117,-0.0768,0.3228,0.1230,,
2025-06-11,24366.9395,,,38421.1914,0.8446,0.5487,0.6966,,
2025-06-12,24035.3809,,,38173.0898,-1.3607,-0.6457,-1.0032,,
2025-06-13,23892.5605,,,37834.2500,-0.5942,-0.8876,-0.7409,,
2025-06-16,24060.9902,,,38311.3281,0.7049,1.2610,0.9830,,
2025-06-17,23980.3008,,,38536.7383,-0.3354,0.5884,0.1265,,
2025-06-18,23710.6895,,,38885.1484,-1.1243,0.9041,-0.1101,,
2025-06-19,23237.7402,,,38488.3398,-1.9947,-1.0205,-1.5076,,
2025-06-20,23530.4805,,,38403.2305,1.2598,-0.2211,0.5193,,
2025-06-23,23689.1309,,,38354.0898,0.6742,-0.1280,0.2731,,
2025-06-24,24177.0703,,,38790.5586,2.0598,1.1380,1.5989,,
2025-06-25,24474.6699,,,38942.0703,1.2309,0.3906,0.8108,,
2025-06-26,24325.4004,,,39584.5781,-0.6099,1.6499,0.5200,,
2025-06-27,24284.1504,,,40150.7891,-0.1696,1.4304,0.6304,,
2025-06-30,24072.2793,,,40487.3906,-0.8725,0.8383,-0.0171,,
2025-07-01,,,,39986.3281,0.0000,-1.2376,-0.6188,,
2025-07-02,24221.4102,,,39762.4805,0.6195,-0.5598,0.0299,,
2025-07-03,24069.9395,,,39785.8984,-0.6254,0.0589,-0.2832,,
2025-07-04,23916.0605,,,39810.8789,-0.6393,0.0628,-0.2883,,
2025-07-07,23887.8301,,,39587.6797,-0.1180,-0.5606,-0.3393,,
2025-07-08,24148.0703,,,39688.8086,1.0894,0.2555,0.6724,,
2025-07-09,23892.3203,,,39821.2812,-1.0591,0.3338,-0.3627,,
2025-07-10,24028.3691,,,39646.3594,0.5694,-0.4393,0.0651,,
2025-07-11,24139.5703,,,39569.6797,0.4628,-0.1934,0.1347,,
2025-07-14,24203.3203,,,39459.6211,0.2641,-0.2781,-0.0070,,
2025-07-15,24590.1191,,,39678.0195,1.5981,0.5535,1.0758,,
2025-07-16,24517.7598,,,39663.3984,-0.2943,-0.0368,-0.1656,,
2025-07-18,24825.6602,39819.1094,24825.6602,39819.1094,1.3336,-0.2057,0.5639,24825.6602,39819.1094
2025-07-21,24994.1406,,24994.1406,,0.6787,,0.6787,24994.1406,
2025-07-22,25130.0293,39774.9219,25130.0293,39774.9219,0.5437,-0.1110,0.2164,25130.0293,39774.9219
2025-07-23,25538.0703,41171.3203,25538.0703,41171.3203,1.6237,3.5108,2.5672,25538.0703,41171.3203
2025-07-24,25667.1797,41826.3398,25667.1797,41826.3398,0.5056,1.5910,1.0483,25667.1797,41826.3398
2025-07-25,25388.3496,41456.2305,25388.3496,41456.2305,-1.0863,-0.8849,-0.9856,25388.3496,41456.2305
2025-07-28,25562.1309,25562.1309,40998.2695,40998.2695,0.6845,-1.1047,-0.2101,25562.1309,40998.2695
