Date,SPY_close,SPY_prev_close,curr_close,daily_return,prev_close,spy_prev_cc_ret,SPY_return
2021-01-04,368.7900085449219,,,,,,
2021-01-05,371.3299865722656,368.7900085449219,,,,0.0068873287466906,
2021-01-06,373.5499877929688,371.3299865722656,,,,0.0059785131849863,
2021-01-07,379.1000061035156,373.5499877929688,,,,0.0148574983052143,
2021-01-08,381.260009765625,379.1000061035156,,,,0.0056977146592807,
2021-01-11,378.6900024414063,381.260009765625,,,,-0.0067408258364117,
2021-01-12,378.7699890136719,378.6900024414063,,,,0.0002112191284426,
2021-01-13,379.7900085449219,378.7699890136719,,,,0.0026929787492038,
2021-01-14,378.4599914550781,379.7900085449219,,,,-0.0035019801993723,
2021-01-15,375.7000122070313,378.4599914550781,,,,-0.0072926579040375,
2021-01-19,378.6499938964844,375.7000122070313,,,,0.007851960589843,
2021-01-20,383.8900146484375,378.6499938964844,,,,0.0138386922921374,
2021-01-21,384.239990234375,383.8900146484375,,,,0.0009116558716901,
2021-01-22,382.8800048828125,384.239990234375,,,,-0.0035394164744094,
2021-01-25,384.3900146484375,382.8800048828125,,,,0.0039438198557462,
2021-01-26,383.7900085449219,384.3900146484375,,,,-0.0015609305149728,
2021-01-27,374.4100036621094,383.7900085449219,,,,-0.0244404613824504,
2021-01-28,377.6300048828125,374.4100036621094,,,,0.0086002008205128,
2021-01-29,370.0700073242188,377.6300048828125,,,,-0.0200195891768182,
2021-02-01,376.2300109863281,370.0700073242188,,,,0.0166455090663766,
2021-02-02,381.5499877929688,376.2300109863281,,,,0.0141402244671915,
2021-02-03,381.8500061035156,381.5499877929688,,,,0.0007863145594166,
2021-02-04,386.1900024414063,381.8500061035156,,,,0.0113657097512631,
2021-02-05,387.7099914550781,386.1900024414063,,,,0.0039358580078792,
2021-02-08,390.510009765625,387.7099914550781,,,,0.0072219400383219,
2021-02-09,390.25,390.510009765625,,,,-0.0006658210010571,
2021-02-10,390.0799865722656,390.25,,,,-0.0004356526014974,
2021-02-11,390.7099914550781,390.0799865722656,,,,0.0016150658954552,
2021-02-12,392.6400146484375,390.7099914550781,,,,0.0049397845859318,
2021-02-16,392.2999877929688,392.6400146484375,,,,-0.0008660015352057,
2021-02-17,392.3900146484375,392.2999877929688,,,,0.0002294847266635,
2021-02-18,390.7200012207031,392.3900146484375,,,,-0.0042560038874348,
2021-02-19,390.0299987792969,390.7200012207031,,,,-0.0017659767589335,
2021-02-22,387.0299987792969,390.0299987792969,,,,-0.0076917160459177,
2021-02-23,387.5,387.0299987792969,,,,0.0012143793044092,
2021-02-24,391.7699890136719,387.5,,,,0.0110193264868951,
2021-02-25,382.3299865722656,391.7699890136719,,,,-0.0240957773850227,
2021-02-26,380.3599853515625,382.3299865722656,,,,-0.0051526202230824,
2021-03-01,389.5799865722656,380.3599853515625,,,,0.0242401976437693,
2021-03-02,386.5400085449219,389.5799865722656,,,,-0.0078032191902133,
2021-03-03,381.4200134277344,386.5400085449219,,,,-0.0132457055000878,
2021-03-04,376.7000122070313,381.4200134277344,,,,-0.0123748126855891,
2021-03-05,383.6300048828125,376.7000122070313,,,,0.0183965820313607,
2021-03-08,381.7200012207031,383.6300048828125,,,,-0.0049787650543465,
2021-03-09,387.1700134277344,381.7200012207031,,,,0.0142775128093959,
2021-03-10,389.5799865722656,387.1700134277344,,,,0.0062245862565517,
2021-03-11,393.5299987792969,389.5799865722656,,,,0.0101391558683123,
2021-03-12,394.05999755859375,393.5299987792969,,,,0.0013467811372471,
2021-03-15,396.4100036621094,394.05999755859375,,,,0.0059635743746513,
2021-03-16,395.9100036621094,396.4100036621094,,,,-0.0012613203384902,
2021-03-17,397.260009765625,395.9100036621094,,,,0.0034098812634899,
2021-03-18,391.4800109863281,397.260009765625,,,,-0.0145496617761927,
2021-03-19,389.4800109863281,391.4800109863281,,,,-0.0051088176761848,
2021-03-22,392.5899963378906,389.4800109863281,,,,0.0079849678130765,
2021-03-23,389.5,392.5899963378906,,,,-0.0078707974393498,
2021-03-24,387.5199890136719,389.5,,,,-0.0050834685143212,
2021-03-25,389.7000122070313,387.5199890136719,,,,0.0056255761126233,
2021-03-26,395.9800109863281,389.7000122070313,,,,0.0161149565886093,
2021-03-29,395.7799987792969,395.9800109863281,,,,-0.0005051068273195,
2021-03-30,394.7300109863281,395.7799987792969,,,,-0.002652958199523,
2021-03-31,396.3299865722656,394.7300109863281,,,,0.0040533416294838,
2021-04-01,400.6099853515625,396.3299865722656,,,,0.0107990788592942,
2021-04-05,406.3599853515625,400.6099853515625,,,,0.0143531120297812,
2021-04-06,406.1199951171875,406.3599853515625,,,,-0.000590585301275,
2021-04-07,406.5899963378906,406.1199951171875,,,,0.0011572964304984,
2021-04-08,408.5199890136719,406.5899963378906,,,,0.0047467785561978,
2021-04-09,411.489990234375,408.5199890136719,,,,0.0072701490761171,
2021-04-12,411.6400146484375,411.489990234375,,,,0.0003645882466716,
2021-04-13,412.8599853515625,411.6400146484375,,,,0.0029636834605764,
2021-04-14,411.4500122070313,412.8599853515625,,,,-0.0034151363526562,
2021-04-15,415.8699951171875,411.4500122070313,,,,0.0107424541961909,
2021-04-16,417.260009765625,415.8699951171875,,,,0.0033424259137662,
2021-04-19,415.2099914550781,417.260009765625,,,,-0.0049130476503088,
2021-04-20,412.1700134277344,415.2099914550781,,,,-0.0073215435319615,
2021-04-21,416.0700073242188,412.1700134277344,,,,0.0094621000301569,
2021-04-22,412.2699890136719,416.0700073242188,,,,-0.0091331224160691,
2021-04-23,416.739990234375,412.2699890136719,,,,0.010842412350696,
2021-04-26,417.6099853515625,416.739990234375,,,,0.0020876209088986,
2021-04-27,417.5199890136719,417.6099853515625,,,,-0.0002155033189995,
2021-04-28,417.3999938964844,417.5199890136719,,,,-0.000287399694254,
2021-04-29,420.05999755859375,417.3999938964844,,,,0.0063727927671437,
2021-04-30,417.2999877929688,420.05999755859375,,,,-0.006570513216365,
2021-05-03,418.2000122070313,417.2999877929688,,,,0.0021567803508037,
2021-05-04,415.6199951171875,418.2000122070313,,,,-0.0061693376722488,
2021-05-05,415.75,415.6199951171875,,,,0.0003127974696592,
2021-05-06,419.0700073242188,415.75,,,,0.0079855858670325,
2021-05-07,422.1199951171875,419.0700073242188,,,,0.0072779911223974,
2021-05-10,417.9400024414063,422.1199951171875,,,,-0.0099023801860436,
2021-05-11,414.2099914550781,417.9400024414063,,,,-0.0089247522719509,
2021-05-12,405.4100036621094,414.2099914550781,,,,-0.0212452330327794,
2021-05-13,410.2799987792969,405.4100036621094,,,,0.0120125183720094,
2021-05-14,416.5799865722656,410.2799987792969,,,,0.0153553373591523,
2021-05-17,415.5199890136719,416.5799865722656,,,,-0.0025445234835108,
2021-05-18,411.9400024414063,415.5199890136719,,,,-0.0086156783474208,
2021-05-19,410.8599853515625,411.9400024414063,,,,-0.0026217825009537,
2021-05-20,415.2799987792969,410.8599853515625,,,,0.010757955472233,
2021-05-21,414.9400024414063,415.2799987792969,,,,-0.0008187158998508,
2021-05-24,419.1700134277344,414.9400024414063,,,,0.0101942713680045,
2021-05-25,418.239990234375,419.1700134277344,,,,-0.0022187254898178,
2021-05-26,419.0700073242188,418.239990234375,,,,0.0019845474111135,
2021-05-27,419.2900085449219,419.0700073242188,,,,0.0005249748654356,
2021-05-28,420.0400085449219,419.2900085449219,,,,0.001788738068438,
2021-06-01,419.6700134277344,420.0400085449219,,,,-0.000880856846159,
2021-06-02,420.3299865722656,419.6700134277344,,,,0.001572600193997,
2021-06-03,418.7699890136719,420.3299865722656,,,,-0.0037113639483952,
2021-06-04,422.6000061035156,418.7699890136719,,,,0.009145872890425,
2021-06-07,422.1900024414063,422.6000061035156,,,,-0.0009701932233501,
2021-06-08,422.2799987792969,422.1900024414063,,,,0.0002131654879797,
2021-06-09,421.6499938964844,422.2799987792969,,,,-0.0014919126755557,
2021-06-10,423.6099853515625,421.6499938964844,,,,0.0046483848771483,
2021-06-11,424.30999755859375,423.6099853515625,,,,0.0016524922245406,
2021-06-14,425.260009765625,424.30999755859375,,,,0.0022389578668837,
2021-06-15,424.4800109863281,425.260009765625,,,,-0.0018341691233246,
2021-06-16,422.1099853515625,424.4800109863281,,,,-0.00558336216883,
2021-06-17,421.9700012207031,422.1099853515625,,,,-0.000331629517702,
2021-06-18,414.9200134277344,421.9700012207031,,,,-0.0167073198866604,
2021-06-21,420.8599853515625,414.9200134277344,,,,0.0143159445955785,
2021-06-22,423.1099853515625,420.8599853515625,,,,0.0053461960706966,
2021-06-23,422.6000061035156,423.1099853515625,,,,-0.0012053113036865,
2021-06-24,425.1000061035156,422.6000061035156,,,,0.0059157594980905,
2021-06-25,426.6099853515625,425.1000061035156,,,,0.0035520565193292,
2021-06-28,427.4700012207031,426.6099853515625,,,,0.0020159300032134,
2021-06-29,427.7000122070313,427.4700012207031,,,,0.000538075153043,
2021-06-30,428.05999755859375,427.7000122070313,,,,0.000841677206659,
2021-07-01,430.4299926757813,428.05999755859375,,,,0.005536595642444,
2021-07-02,433.7200012207031,430.4299926757813,,,,0.0076435392535483,
2021-07-06,432.9299926757813,433.7200012207031,,,,-0.0018214713241224,
2021-07-07,434.4599914550781,432.9299926757813,,,,0.0035340558639527,
2021-07-08,430.9200134277344,434.4599914550781,,,,-0.008147995435639,
2021-07-09,435.5199890136719,430.9200134277344,,,,0.0106747782479332,
2021-07-12,437.0799865722656,435.5199890136719,,,,0.0035819195397361,
2021-07-13,435.5899963378906,437.0799865722656,,,,-0.0034089646750015,
2021-07-14,436.239990234375,435.5899963378906,,,,0.0014922149313552,
2021-07-15,434.75,436.239990234375,,,,-0.0034155287633637,
2021-07-16,431.3399963378906,434.75,,,,-0.0078435966926034,
2021-07-19,424.9700012207031,431.3399963378906,,,,-0.0147679212947309,
2021-07-20,431.05999755859375,424.9700012207031,,,,0.0143304146654998,
2021-07-21,434.5499877929688,431.05999755859375,,,,0.0080962980887611,
2021-07-22,435.4599914550781,434.5499877929688,,,,0.0020941288405764,
2021-07-23,439.9400024414063,435.4599914550781,,,,0.0102879967717774,
2021-07-26,441.0199890136719,439.9400024414063,,,,0.0024548496755747,
2021-07-27,439.010009765625,441.0199890136719,,,,-0.0045575694937142,
2021-07-28,438.8299865722656,439.010009765625,,,,-0.0004100662612578,
2021-07-29,440.6499938964844,438.8299865722656,,,,0.0041474087457764,
2021-07-30,438.510009765625,440.6499938964844,,,,-0.0048564260989462,
2021-08-02,437.5899963378906,438.510009765625,,,,-0.0020980443028566,
2021-08-03,441.1499938964844,437.5899963378906,,,,0.0081354637637667,
2021-08-04,438.9800109863281,441.1499938964844,,,,-0.004918923133127,
2021-08-05,441.760009765625,438.9800109863281,,,,0.0063328596057268,
2021-08-06,442.489990234375,441.760009765625,,,,0.001652436736266,
2021-08-09,442.1300048828125,442.489990234375,,,,-0.0008135446213638,
2021-08-10,442.6799926757813,442.1300048828125,,,,0.0012439503921806,
2021-08-11,443.7799987792969,442.6799926757813,,,,0.0024848787424673,
2021-08-12,445.1099853515625,443.7799987792969,,,,0.0029969502364324,
2021-08-13,445.9200134277344,445.1099853515625,,,,0.0018198380239258,
2021-08-16,446.9700012207031,445.9200134277344,,,,0.0023546550084119,
2021-08-17,444.0400085449219,446.9700012207031,,,,-0.0065552333887716,
2021-08-18,439.1799926757813,444.0400085449219,,,,-0.0109449954409883,
2021-08-19,439.8599853515625,439.1799926757813,,,,0.0015483234371362,
2021-08-20,443.3599853515625,439.8599853515625,,,,0.0079570775168433,
2021-08-23,447.260009765625,443.3599853515625,,,,0.0087965187272593,
2021-08-24,447.9700012207031,447.260009765625,,,,0.0015874244054374,
2021-08-25,448.9100036621094,447.9700012207031,,,,0.0020983602447592,
2021-08-26,446.260009765625,448.9100036621094,,,,-0.0059031740769114,
2021-08-27,450.25,446.260009765625,,,,0.0089409540336597,
2021-08-30,452.2300109863281,450.25,,,,0.0043975813133327,
2021-08-31,451.55999755859375,452.2300109863281,,,,-0.0014815766566952,
2021-09-01,451.7999877929688,451.55999755859375,,,,0.0005314692082392,
2021-09-02,453.1900024414063,451.7999877929688,,,,0.0030766150641741,
2021-09-03,453.0799865722656,453.1900024414063,,,,-0.0002427588175996,
2021-09-07,451.4599914550781,453.0799865722656,,,,-0.0035755168296958,
2021-09-08,450.9100036621094,451.4599914550781,,,,-0.0012182425981892,
2021-09-09,448.9800109863281,450.9100036621094,,,,-0.0042802170280247,
2021-09-10,445.4400024414063,448.9800109863281,,,,-0.0078845571257061,
2021-09-13,446.5799865722656,445.4400024414063,,,,0.0025592316015876,
2021-09-14,444.1700134277344,446.5799865722656,,,,-0.0053965095100411,
2021-09-15,447.8800048828125,444.1700134277344,,,,0.0083526382757077,
2021-09-16,447.1700134277344,447.8800048828125,,,,-0.0015852269521696,
2021-09-17,441.3999938964844,447.1700134277344,,,,-0.0129034133729597,
2021-09-20,434.0400085449219,441.3999938964844,,,,-0.0166741854402665,
2021-09-21,433.6300048828125,434.0400085449219,,,,-0.0009446218183523,
2021-09-22,437.8599853515625,433.6300048828125,,,,0.0097548149830939,
2021-09-23,443.1799926757813,437.8599853515625,,,,0.0121500194176165,
2021-09-24,443.9100036621094,443.1799926757813,,,,0.0016472110618543,
2021-09-27,442.6400146484375,443.9100036621094,,,,-0.0028609155080869,
2021-09-28,433.7200012207031,442.6400146484375,,,,-0.0201518460431531,
2021-09-29,434.4500122070313,433.7200012207031,,,,0.0016831388551912,
2021-09-30,429.1400146484375,434.4500122070313,,,,-0.0122223441348722,
2021-10-01,434.239990234375,429.1400146484375,,,,0.0118841762871158,
2021-10-04,428.6400146484375,434.239990234375,,,,-0.012896038393228,
2021-10-05,433.1000061035156,428.6400146484375,,,,0.0104049815758244,
2021-10-06,434.8999938964844,433.1000061035156,,,,0.0041560558014366,
2021-10-07,438.6600036621094,434.8999938964844,,,,0.0086456882464798,
2021-10-08,437.8599853515625,438.6600036621094,,,,-0.0018237776498153,
2021-10-11,434.6900024414063,437.8599853515625,,,,-0.0072397182117727,
2021-10-12,433.6199951171875,434.6900024414063,,,,-0.0024615411401438,
2021-10-13,435.1799926757813,433.6199951171875,,,,0.0035976144461975,
2021-10-14,442.5,435.1799926757813,,,,0.0168206430613007,
2021-10-15,445.8699951171875,442.5,,,,0.007615808174435,
2021-10-18,447.1900024414063,445.8699951171875,,,,0.0029605206420579,
2021-10-19,450.6400146484375,447.1900024414063,,,,0.0077148688212977,
2021-10-20,452.4100036621094,450.6400146484375,,,,0.0039277226969129,
2021-10-21,453.5899963378906,452.4100036621094,,,,0.002608237364845,
2021-10-22,453.1199951171875,453.5899963378906,,,,-0.0010361807458226,
2021-10-25,455.5499877929688,453.1199951171875,,,,0.0053628016904281,
2021-10-26,455.9599914550781,455.5499877929688,,,,0.0009000190387353,
2021-10-27,453.9400024414063,455.9599914550781,,,,-0.0044301891646799,
2021-10-28,458.3200073242188,453.9400024414063,,,,0.0096488629758464,
2021-10-29,459.25,458.3200073242188,,,,0.0020291339259019,
2021-11-01,460.0400085449219,459.25,,,,0.0017202145779464,
2021-11-02,461.8999938964844,460.0400085449219,,,,0.004043094767878,
2021-11-03,464.7200012207031,461.8999938964844,,,,0.0061052335169562,
2021-11-04,466.9100036621094,464.7200012207031,,,,0.0047125203039544,
2021-11-05,468.5299987792969,466.9100036621094,,,,0.003469608927805,
2021-11-08,468.9299926757813,468.5299987792969,,,,0.0008537209944432,
2021-11-09,467.3800048828125,468.9299926757813,,,,-0.0033053714140234,
2021-11-10,463.6199951171875,467.3800048828125,,,,-0.0080448665461582,
2021-11-11,463.7699890136719,463.6199951171875,,,,0.00032352766935,
2021-11-12,467.2699890136719,463.7699890136719,,,,0.0075468445197233,
2021-11-15,467.4299926757813,467.2699890136719,,,,0.0003424222951855,
2021-11-16,469.2799987792969,467.4299926757813,,,,0.0039578249844973,
2021-11-17,468.1400146484375,469.2799987792969,,,,-0.0024292195146282,
2021-11-18,469.7300109863281,468.1400146484375,,,,0.0033964119454403,
2021-11-19,468.8900146484375,469.7300109863281,,,,-0.0017882535035962,
2021-11-22,467.5700073242188,468.8900146484375,,,,-0.0028151747381706,
2021-11-23,468.1900024414063,467.5700073242188,,,,0.0013259941986774,
2021-11-24,469.4400024414063,468.1900024414063,,,,0.002669856241017,
2021-11-26,458.9700012207031,469.4400024414063,,,,-0.0223031722184986,
2021-11-29,464.6000061035156,458.9700012207031,,,,0.0122666075513402,
2021-11-30,455.55999755859375,464.6000061035156,,,,-0.0194576160700861,
2021-12-01,450.5,455.55999755859375,,,,-0.0111072034105517,
2021-12-02,457.3999938964844,450.5,,,,0.015316301657013,
2021-12-03,453.4200134277344,457.3999938964844,,,,-0.0087013129030577,
2021-12-06,458.7900085449219,453.4200134277344,,,,0.0118433129508153,
2021-12-07,468.2799987792969,458.7900085449219,,,,0.0206848232472913,
2021-12-08,469.5199890136719,468.2799987792969,,,,0.002647967535678,
2021-12-09,466.3500061035156,469.5199890136719,,,,-0.0067515398371333,
2021-12-10,470.739990234375,466.3500061035156,,,,0.0094134964584624,
2021-12-13,466.5700073242188,470.739990234375,,,,-0.0088583570477623,
2021-12-14,463.3599853515625,466.5700073242188,,,,-0.0068800435567338,
2021-12-15,470.6000061035156,463.3599853515625,,,,0.015625045279773,
2021-12-16,466.4500122070313,470.6000061035156,,,,-0.0088185164527421,
2021-12-17,459.8699951171875,466.4500122070313,,,,-0.0141065857383304,
2021-12-20,454.9800109863281,459.8699951171875,,,,-0.0106334054902044,
2021-12-21,463.05999755859375,454.9800109863281,,,,0.017758992432985,
2021-12-22,467.6900024414063,463.05999755859375,,,,0.0099987148689659,
2021-12-23,470.6000061035156,467.6900024414063,,,,0.0062220779724149,
2021-12-27,477.260009765625,470.6000061035156,,,,0.0141521537945845,
2021-12-28,476.8699951171875,477.260009765625,,,,-0.0008171953242616,
2021-12-29,477.4800109863281,476.8699951171875,,,,0.0012792079086265,
2021-12-30,476.1600036621094,477.4800109863281,,,,-0.0027645289726202,
2021-12-31,474.9599914550781,476.1600036621094,,,,-0.0025201869073463,
2022-01-03,477.7099914550781,474.9599914550781,,,,0.0057899613640617,
2022-01-04,477.5499877929688,477.7099914550781,,,,-0.0003349389063896,
2022-01-05,468.3800048828125,477.5499877929688,,,,-0.0192021424867707,
2022-01-06,467.9400024414063,468.3800048828125,,,,-0.0009394133755055,
2022-01-07,466.0899963378906,467.9400024414063,,,,-0.0039535113344948,
2022-01-10,465.510009765625,466.0899963378906,,,,-0.0012443660598223,
2022-01-11,469.75,465.510009765625,,,,0.0091082686632446,
2022-01-12,471.0199890136719,469.75,,,,0.0027035423388437,
2022-01-13,464.5299987792969,471.0199890136719,,,,-0.0137785877154921,
2022-01-14,464.7200012207031,464.5299987792969,,,,0.0004090208208415,
2022-01-18,456.489990234375,464.7200012207031,,,,-0.0177096121636898,
2022-01-19,451.75,456.489990234375,,,,-0.0103835578781067,
2022-01-20,446.75,451.75,,,,-0.0110680686220254,
2022-01-21,437.9800109863281,446.75,,,,-0.0196306413288682,
2022-01-24,439.8399963378906,437.9800109863281,,,,0.0042467357068962,
2022-01-25,434.4700012207031,439.8399963378906,,,,-0.0122089740857995,
2022-01-26,433.3800048828125,434.4700012207031,,,,-0.0025087953939929,
2022-01-27,431.239990234375,433.3800048828125,,,,-0.0049379635062216,
2022-01-28,441.9500122070313,431.239990234375,,,,0.0248354100157441,
2022-01-31,449.9100036621094,441.9500122070313,,,,0.0180110673949913,
2022-02-01,452.9500122070313,449.9100036621094,,,,0.0067569258744577,
2022-02-02,457.3500061035156,452.9500122070313,,,,0.0097140827418131,
2022-02-03,446.6000061035156,457.3500061035156,,,,-0.0235049739948333,
2022-02-04,448.7000122070313,446.6000061035156,,,,0.0047022079597305,
2022-02-07,447.260009765625,448.7000122070313,,,,-0.0032092765817484,
2022-02-08,450.9400024414063,447.260009765625,,,,0.0082278598475853,
2022-02-09,457.5400085449219,450.9400024414063,,,,0.0146361069494453,
2022-02-10,449.3200073242188,457.5400085449219,,,,-0.0179656446806576,
2022-02-11,440.4599914550781,449.3200073242188,,,,-0.0197187210111199,
2022-02-14,439.0199890136719,440.4599914550781,,,,-0.0032693149646785,
2022-02-15,446.1000061035156,439.0199890136719,,,,0.016126867265771,
2022-02-16,446.6000061035156,446.1000061035156,,,,0.0011208249118113,
2022-02-17,437.05999755859375,446.6000061035156,,,,-0.0213614160648054,
2022-02-18,434.2300109863281,437.05999755859375,,,,-0.006475052825868,
2022-02-22,429.5700073242188,434.2300109863281,,,,-0.0107316480763833,
2022-02-23,421.9500122070313,429.5700073242188,,,,-0.0177386572322687,
2022-02-24,428.2999877929688,421.9500122070313,,,,0.0150491181472507,
2022-02-25,437.75,428.2999877929688,,,,0.0220640029800776,
2022-02-28,436.6300048828125,437.75,,,,-0.0025585268239577,
2022-03-01,429.9800109863281,436.6300048828125,,,,-0.015230272363598,
2022-03-02,437.8900146484375,429.9800109863281,,,,0.0183962125215184,
2022-03-03,435.7099914550781,437.8900146484375,,,,-0.0049784720373439,
2022-03-04,432.1700134277344,435.7099914550781,,,,-0.0081246198085148,
2022-03-07,419.4299926757813,432.1700134277344,,,,-0.0294791872552802,
2022-03-08,416.25,419.4299926757813,,,,-0.0075817007159986,
2022-03-09,427.4100036621094,416.25,,,,0.0268108196086711,
2022-03-10,425.4800109863281,427.4100036621094,,,,-0.0045155533544951,
2022-03-11,420.0700073242188,425.4800109863281,,,,-0.0127150595149421,
2022-03-14,417.0,420.0700073242188,,,,-0.0073083230668483,
2022-03-15,426.1700134277344,417.0,,,,0.0219904398746628,
2022-03-16,435.6199951171875,426.1700134277344,,,,0.0221742060485341,
2022-03-17,441.0700073242188,435.6199951171875,,,,0.0125109321613328,
2022-03-18,444.5199890136719,441.0700073242188,,,,0.007821846038416,
2022-03-21,444.3900146484375,444.5199890136719,,,,-0.0002923926222593,
2022-03-22,449.5899963378906,444.3900146484375,,,,0.0117013918361035,
2022-03-23,443.7999877929688,449.5899963378906,,,,-0.0128784194312241,
2022-03-24,450.489990234375,443.7999877929688,,,,0.0150743637346089,
2022-03-25,452.6900024414063,450.489990234375,,,,0.0048835984255424,
2022-03-28,455.9100036621094,452.6900024414063,,,,0.0071130380687387,
2022-03-29,461.5499877929688,455.9100036621094,,,,0.0123708277632779,
2022-03-30,458.7000122070313,461.5499877929688,,,,-0.0061747928963565,
2022-03-31,451.6400146484375,458.7000122070313,,,,-0.0153913175729484,
2022-04-01,452.9200134277344,451.6400146484375,,,,0.002834112872601,
2022-04-04,456.7999877929688,452.9200134277344,,,,0.0085665774313448,
2022-04-05,451.0299987792969,456.7999877929688,,,,-0.0126313247982987,
2022-04-06,446.5199890136719,451.0299987792969,,,,-0.0099993565346678,
2022-04-07,448.7699890136719,446.5199890136719,,,,0.00503896814333,
2022-04-08,447.5700073242188,448.7699890136719,,,,-0.0026739347969557,
2022-04-11,439.9200134277344,447.5700073242188,,,,-0.0170922844947086,
2022-04-12,438.2900085449219,439.9200134277344,,,,-0.0037052301169749,
2022-04-13,443.30999755859375,438.2900085449219,,,,0.0114535784886762,
2022-04-14,437.7900085449219,443.30999755859375,,,,-0.0124517584626371,
2022-04-18,437.9700012207031,437.7900085449219,,,,0.0004111392957082,
2022-04-19,445.0400085449219,437.9700012207031,,,,0.0161426748510475,
2022-04-20,444.7099914550781,445.0400085449219,,,,-0.0007415447679024,
2022-04-21,438.05999755859375,444.7099914550781,,,,-0.014953551807383,
2022-04-22,426.0400085449219,438.05999755859375,,,,-0.0274391386583161,
2022-04-25,428.510009765625,426.0400085449219,,,,0.0057975804411869,
2022-04-26,416.1000061035156,428.510009765625,,,,-0.0289608256033436,
2022-04-27,417.2699890136719,416.1000061035156,,,,0.0028117829680232,
2022-04-28,427.80999755859375,417.2699890136719,,,,0.0252594454967536,
2022-04-29,412.0,427.80999755859375,,,,-0.0369556523896531,
2022-05-02,414.4800109863281,412.0,,,,0.006019444141573,
2022-05-03,416.3800048828125,414.4800109863281,,,,0.0045840422846037,
2022-05-04,429.05999755859375,416.3800048828125,,,,0.0304529336833787,
2022-05-05,413.80999755859375,429.05999755859375,,,,-0.0355428147270182,
2022-05-06,411.3399963378906,413.80999755859375,,,,-0.0059689259207744,
2022-05-09,398.1700134277344,411.3399963378906,,,,-0.0320172680201463,
2022-05-10,399.0899963378906,398.1700134277344,,,,0.0023105278627999,
2022-05-11,392.75,399.0899963378906,,,,-0.0158861319403327,
2022-05-12,392.3399963378906,392.75,,,,-0.0010439303936584,
2022-05-13,401.7200012207031,392.3399963378906,,,,0.023907847709552,
2022-05-16,400.0899963378906,401.7200012207031,,,,-0.0040575646665822,
2022-05-17,408.3200073242188,400.0899963378906,,,,0.0205703993143022,
2022-05-18,391.8599853515625,408.3200073242188,,,,-0.0403115734654326,
2022-05-19,389.4599914550781,391.8599853515625,,,,-0.0061246210029104,
2022-05-20,389.6300048828125,389.4599914550781,,,,0.0004365363104414,
2022-05-23,396.9200134277344,389.6300048828125,,,,0.0187100799567898,
2022-05-24,393.8900146484375,396.9200134277344,,,,-0.0076337767731344,
2022-05-25,397.3699951171875,393.8900146484375,,,,0.0088349040070385,
2022-05-26,405.30999755859375,397.3699951171875,,,,0.0199813839468796,
2022-05-27,415.260009765625,405.30999755859375,,,,0.0245491408229889,
2022-05-31,412.9299926757813,415.260009765625,,,,-0.0056109835646317,
2022-06-01,409.5899963378906,412.9299926757813,,,,-0.0080885292837352,
2022-06-02,417.3900146484375,409.5899963378906,,,,0.0190434785524211,
2022-06-03,410.5400085449219,417.3900146484375,,,,-0.0164115236663849,
2022-06-06,411.7900085449219,410.5400085449219,,,,0.0030447702391549,
2022-06-07,415.739990234375,411.7900085449219,,,,0.0095922232387584,
2022-06-08,411.2200012207031,415.739990234375,,,,-0.0108721535571396,
2022-06-09,401.4400024414063,411.2200012207031,,,,-0.0237828868981689,
2022-06-10,389.7999877929688,401.4400024414063,,,,-0.0289956520965707,
2022-06-13,375.0,389.7999877929688,,,,-0.0379681586876532,
2022-06-14,373.8699951171875,375.0,,,,-0.0030133463541666,
2022-06-15,379.2000122070313,373.8699951171875,,,,0.0142563381909615,
2022-06-16,366.6499938964844,379.2000122070313,,,,-0.0330960387830762,
2022-06-17,365.8599853515625,366.6499938964844,,,,-0.0021546667341413,
2022-06-21,375.0700073242188,365.8599853515625,,,,0.0251736247236935,
2022-06-22,374.3900146484375,375.0700073242188,,,,-0.0018129753446093,
2022-06-23,378.05999755859375,374.3900146484375,,,,0.0098025662185528,
2022-06-24,390.0799865722656,378.05999755859375,,,,0.0317938662944865,
2022-06-27,388.5899963378906,390.0799865722656,,,,-0.0038197043828572,
2022-06-28,380.6499938964844,388.5899963378906,,,,-0.020432853434812,
2022-06-29,380.3399963378906,380.6499938964844,,,,-0.00081439002644,
2022-06-30,377.25,380.3399963378906,,,,-0.0081243002777585,
2022-07-01,381.239990234375,377.25,,,,0.0105765148691185,
2022-07-05,381.9599914550781,381.239990234375,,,,0.0018885773768393,
2022-07-06,383.25,381.9599914550781,,,,0.0033773394433473,
2022-07-07,388.989990234375,383.25,,,,0.0149771434686889,
2022-07-08,388.6700134277344,388.989990234375,,,,-0.0008225836516971,
2022-07-11,384.2300109863281,388.6700134277344,,,,-0.0114235785834087,
2022-07-12,380.8299865722656,384.2300109863281,,,,-0.0088489298515088,
2022-07-13,378.8299865722656,380.8299865722656,,,,-0.0052516872896521,
2022-07-14,377.9100036621094,378.8299865722656,,,,-0.0024284849213771,
2022-07-15,385.1300048828125,377.9100036621094,,,,0.0191050809736132,
2022-07-18,381.9500122070313,385.1300048828125,,,,-0.0082569330757515,
2022-07-19,392.2699890136719,381.9500122070313,,,,0.027019181769385,
2022-07-20,394.7699890136719,392.2699890136719,,,,0.0063731615214459,
2022-07-21,398.7900085449219,394.7699890136719,,,,0.0101831943742582,
2022-07-22,395.0899963378906,398.7900085449219,,,,-0.009278096561475,
2022-07-25,395.5700073242188,395.0899963378906,,,,0.0012149408761987,
2022-07-26,390.8900146484375,395.5700073242188,,,,-0.0118310099075469,
2022-07-27,401.0400085449219,390.8900146484375,,,,0.0259663678173338,
2022-07-28,406.0700073242188,401.0400085449219,,,,0.0125423864754716,
2022-07-29,411.989990234375,406.0700073242188,,,,0.0145787248587152,
2022-08-01,410.7699890136719,411.989990234375,,,,-0.0029612399563617,
2022-08-02,408.05999755859375,410.7699890136719,,,,-0.006597345296781,
2022-08-03,414.4500122070313,408.05999755859375,,,,0.0156594978352906,
2022-08-04,414.1700134277344,414.4500122070313,,,,-0.0006755911956808,
2022-08-05,413.4700012207031,414.1700134277344,,,,-0.0016901566611204,
2022-08-08,412.989990234375,413.4700012207031,,,,-0.0011609330420851,
2022-08-09,411.3500061035156,412.989990234375,,,,-0.0039710021299272,
2022-08-10,419.989990234375,411.3500061035156,,,,0.0210039722928438,
2022-08-11,419.989990234375,419.989990234375,,,,0.0,
2022-08-12,427.1000061035156,419.989990234375,,,,0.0169290126775947,
2022-08-15,428.8599853515625,427.1000061035156,,,,0.0041207661505402,
2022-08-16,429.7000122070313,428.8599853515625,,,,0.0019587438421893,
2022-08-17,426.6499938964844,429.7000122070313,,,,-0.007098017742381,
2022-08-18,427.8900146484375,426.6499938964844,,,,0.0029064122106936,
2022-08-19,422.1400146484375,427.8900146484375,,,,-0.0134380326793189,
2022-08-22,413.3500061035156,422.1400146484375,,,,-0.0208224954752093,
2022-08-23,412.3500061035156,413.3500061035156,,,,-0.0024192572522898,
2022-08-24,413.6700134277344,412.3500061035156,,,,0.0032011817744155,
2022-08-25,419.510009765625,413.6700134277344,,,,0.0141175239885036,
2022-08-26,405.30999755859375,419.510009765625,,,,-0.0338490426365859,
2022-08-29,402.6300048828125,405.30999755859375,,,,-0.0066122047122556,
2022-08-30,398.2099914550781,402.6300048828125,,,,-0.0109778540449831,
2022-08-31,395.1799926757813,398.2099914550781,,,,-0.0076090475987935,
2022-09-01,396.4200134277344,395.1799926757813,,,,0.0031378631887633,
2022-09-02,392.239990234375,396.4200134277344,,,,-0.0105444302804388,
2022-09-06,390.760009765625,392.239990234375,,,,-0.0037731503813919,
2022-09-07,397.7799987792969,390.760009765625,,,,0.0179649627347548,
2022-09-08,400.3800048828125,397.7799987792969,,,,0.0065362916976583,
2022-09-09,406.6000061035156,400.3800048828125,,,,0.0155352443799576,
2022-09-12,410.9700012207031,406.6000061035156,,,,0.010747651381183,
2022-09-13,393.1000061035156,410.9700012207031,,,,-0.0434824806290198,
2022-09-14,394.6000061035156,393.1000061035156,,,,0.0038158228865685,
2022-09-15,390.1199951171875,394.6000061035156,,,,-0.0113532967993743,
2022-09-16,385.55999755859375,390.1199951171875,,,,-0.0116887050540026,
2022-09-19,388.5499877929688,385.55999755859375,,,,0.0077549285540718,
2022-09-20,384.0899963378906,388.5499877929688,,,,-0.0114785525548762,
2022-09-21,377.3900146484375,384.0899963378906,,,,-0.0174437807631913,
2022-09-22,374.2200012207031,377.3900146484375,,,,-0.0083998338713,
2022-09-23,367.9500122070313,374.2200012207031,,,,-0.0167548206755897,
2022-09-26,364.30999755859375,367.9500122070313,,,,-0.0098926879404189,
2022-09-27,363.3800048828125,364.30999755859375,,,,-0.0025527509044867,
2022-09-28,370.5299987792969,363.3800048828125,,,,0.0196763547812439,
2022-09-29,362.7900085449219,370.5299987792969,,,,-0.0208889705553511,
2022-09-30,357.17999267578125,362.7900085449219,,,,-0.0154635346536727,
2022-10-03,366.6099853515625,357.17999267578125,,,,0.0264012343052513,
2022-10-04,377.9700012207031,366.6099853515625,,,,0.030986651545366,
2022-10-05,377.0899963378906,377.9700012207031,,,,-0.0023282400189708,
2022-10-06,373.2000122070313,377.0899963378906,,,,-0.0103157977369777,
2022-10-07,362.7900085449219,373.2000122070313,,,,-0.0278938995755833,
2022-10-10,360.0199890136719,362.7900085449219,,,,-0.0076353247498739,
2022-10-11,357.739990234375,360.0199890136719,,,,-0.0063329783036305,
2022-10-12,356.5599975585937,357.739990234375,,,,-0.0032984645496528,
2022-10-13,365.9700012207031,356.5599975585937,,,,0.0263910806779805,
2022-10-14,357.6300048828125,365.9700012207031,,,,-0.0227887430938938,
2022-10-17,366.8200073242188,357.6300048828125,,,,0.0256969558368505,
2022-10-18,371.1300048828125,366.8200073242188,,,,0.0117496250818847,
2022-10-19,368.5,371.1300048828125,,,,-0.007086478722309,
2022-10-20,365.4100036621094,368.5,,,,-0.0083853360594047,
2022-10-21,374.2900085449219,365.4100036621094,,,,0.0243014827011243,
2022-10-24,378.8699951171875,374.2900085449219,,,,0.0122364649541959,
2022-10-25,384.9200134277344,378.8699951171875,,,,0.0159685865561234,
2022-10-26,382.0199890136719,384.9200134277344,,,,-0.0075340962093335,
2022-10-27,379.9800109863281,382.0199890136719,,,,-0.0053399771897033,
2022-10-28,389.0199890136719,379.9800109863281,,,,0.0237906673139947,
2022-10-31,386.2099914550781,389.0199890136719,,,,-0.007223272936998,
2022-11-01,384.5199890136719,386.2099914550781,,,,-0.0043758641122645,
2022-11-02,374.8699951171875,384.5199890136719,,,,-0.0250962087074783,
2022-11-03,371.010009765625,374.8699951171875,,,,-0.0102968639844216,
2022-11-04,376.3500061035156,371.010009765625,,,,0.0143931327924655,
2022-11-07,379.9500122070313,376.3500061035156,,,,0.0095655800322358,
2022-11-08,382.0,379.9500122070313,,,,0.0053954144679742,
2022-11-09,374.1300048828125,382.0,,,,-0.0206020814586059,
2022-11-10,394.6900024414063,374.1300048828125,,,,0.054954153075837,
2022-11-11,398.510009765625,394.6900024414063,,,,0.0096785003435344,
2022-11-14,395.1199951171875,398.510009765625,,,,-0.0085067239601616,
2022-11-15,398.489990234375,395.1199951171875,,,,0.0085290422120702,
2022-11-16,395.4500122070313,398.489990234375,,,,-0.0076287437623107,
2022-11-17,394.239990234375,395.4500122070313,,,,-0.0030598607543417,
2022-11-18,396.0299987792969,394.239990234375,,,,0.0045404032803919,
2022-11-21,394.5899963378906,396.0299987792969,,,,-0.0036360943510462,
2022-11-22,399.8999938964844,394.5899963378906,,,,0.0134569999439284,
2022-11-23,402.4200134277344,399.8999938964844,,,,0.0063016243303628,
2022-11-25,402.3299865722656,402.4200134277344,,,,-0.0002237136634978,
2022-11-28,395.9100036621094,402.3299865722656,,,,-0.01595700823807,
2022-11-29,395.2300109863281,395.9100036621094,,,,-0.0017175435565947,
2022-11-30,407.6799926757813,395.2300109863281,,,,0.0315005979894673,
2022-12-01,407.3800048828125,407.6799926757813,,,,-0.0007358413421266,
2022-12-02,406.9100036621094,407.3800048828125,,,,-0.0011537169597666,
2022-12-05,399.5899963378906,406.9100036621094,,,,-0.0179892537866853,
2022-12-06,393.8299865722656,399.5899963378906,,,,-0.0144147997157425,
2022-12-07,393.1600036621094,393.8299865722656,,,,-0.0017011983165312,
2022-12-08,396.239990234375,393.1600036621094,,,,0.0078339265021287,
2022-12-09,393.2799987792969,396.239990234375,,,,-0.0074701986877379,
2022-12-12,398.9500122070313,393.2799987792969,,,,0.0144172433007871,
2022-12-13,401.9700012207031,398.9500122070313,,,,0.0075698431414126,
2022-12-14,399.3999938964844,401.9700012207031,,,,-0.0063935301550218,
2022-12-15,389.6300048828125,399.3999938964844,,,,-0.0244616654055433,
2022-12-16,383.2699890136719,389.6300048828125,,,,-0.0163232189242035,
2022-12-19,380.0199890136719,383.2699890136719,,,,-0.0084796621002435,
2022-12-20,380.5400085449219,380.0199890136719,,,,0.0013684004691429,
2022-12-21,386.2300109863281,380.5400085449219,,,,0.0149524420918663,
2022-12-22,380.7200012207031,386.2300109863281,,,,-0.014266135745262,
2022-12-23,382.9100036621094,380.7200012207031,,,,0.0057522652720751,
2022-12-27,381.3999938964844,382.9100036621094,,,,-0.0039435108803203,
2022-12-28,376.6600036621094,381.3999938964844,,,,-0.0124278718149677,
2022-12-29,383.4400024414063,376.6600036621094,,,,0.0180003151738377,
2022-12-30,382.4299926757813,383.4400024414063,,,,-0.002634075107433,
2023-01-03,380.8200073242188,382.4299926757813,,,,-0.0042098825468623,
2023-01-04,383.760009765625,380.8200073242188,,,,0.007720189025949,
2023-01-05,379.3800048828125,383.760009765625,,,,-0.0114133957977734,
2023-01-06,388.0799865722656,379.3800048828125,,,,0.0229321038997309,
2023-01-09,387.8599853515625,388.0799865722656,,,,-0.0005668965891446,
2023-01-10,390.5799865722656,387.8599853515625,,,,0.0070128430965563,
2023-01-11,395.5199890136719,390.5799865722656,,,,0.0126478637186706,
2023-01-12,396.9599914550781,395.5199890136719,,,,0.0036407829728082,
2023-01-13,398.5,396.9599914550781,,,,0.0038795056884117,
2023-01-17,397.7699890136719,398.5,,,,-0.0018318970798698,
2023-01-18,391.489990234375,397.7699890136719,,,,-0.0157880155686682,
2023-01-19,388.6400146484375,391.489990234375,,,,-0.0072798172546666,
2023-01-20,395.8800048828125,388.6400146484375,,,,0.0186290396291906,
2023-01-23,400.6300048828125,395.8800048828125,,,,0.0119985852819368,
2023-01-24,400.2000122070313,400.6300048828125,,,,-0.0010732912426442,
2023-01-25,400.3500061035156,400.2000122070313,,,,0.0003747973311074,
2023-01-26,404.75,400.3500061035156,,,,0.0109903680015099,
2023-01-27,405.6799926757813,404.75,,,,0.002297696543005,
2023-01-30,400.5899963378906,405.6799926757813,,,,-0.0125468261432318,
2023-01-31,406.4800109863281,400.5899963378906,,,,0.0147033493154666,
2023-02-01,410.7999877929688,406.4800109863281,,,,0.0106277718211977,
2023-02-02,416.7799987792969,410.7999877929688,,,,0.0145569892016206,
2023-02-03,412.3500061035156,416.7799987792969,,,,-0.0106290913401704,
2023-02-06,409.8299865722656,412.3500061035156,,,,-0.0061113604800514,
2023-02-07,415.1900024414063,409.8299865722656,,,,0.0130786327129712,
2023-02-08,410.6499938964844,415.1900024414063,,,,-0.0109347732802467,
2023-02-09,407.0899963378906,410.6499938964844,,,,-0.0086691771861834,
2023-02-10,408.0400085449219,407.0899963378906,,,,0.0023336663037101,
2023-02-13,412.8299865722656,408.0400085449219,,,,0.0117389910965468,
2023-02-14,412.6400146484375,412.8299865722656,,,,-0.0004601698762375,
2023-02-15,413.9800109863281,412.6400146484375,,,,0.0032473737163669,
2023-02-16,408.2799987792969,413.9800109863281,,,,-0.0137688102221426,
2023-02-17,407.260009765625,408.2799987792969,,,,-0.0024982585890112,
2023-02-21,399.0899963378906,407.260009765625,,,,-0.0200609272499801,
2023-02-22,398.5400085449219,399.0899963378906,,,,-0.0013781046831931,
2023-02-23,400.6600036621094,398.5400085449219,,,,0.0053194035021166,
2023-02-24,396.3800048828125,400.6600036621094,,,,-0.0106823709383938,
2023-02-27,397.7300109863281,396.3800048828125,,,,0.0034058380515806,
2023-02-28,396.260009765625,397.7300109863281,,,,-0.0036959776232566,
2023-03-01,394.739990234375,396.260009765625,,,,-0.0038359145353805,
2023-03-02,397.80999755859375,394.739990234375,,,,0.0077772898621089,
2023-03-03,404.1900024414063,397.80999755859375,,,,0.0160378193659469,
2023-03-06,404.4700012207031,404.1900024414063,,,,0.0006927404874084,
2023-03-07,398.2699890136719,404.4700012207031,,,,-0.0153287318919065,
2023-03-08,398.9200134277344,398.2699890136719,,,,0.0016321199989792,
2023-03-09,391.55999755859375,398.9200134277344,,,,-0.0184498536583798,
2023-03-10,385.9100036621094,391.55999755859375,,,,-0.0144294461428964,
2023-03-13,385.3599853515625,385.9100036621094,,,,-0.0014252502016725,
2023-03-14,391.7300109863281,385.3599853515625,,,,0.0165300650739703,
2023-03-15,389.2799987792969,391.7300109863281,,,,-0.0062543388004978,
2023-03-16,396.1099853515625,389.2799987792969,,,,0.0175451772340811,
2023-03-17,389.989990234375,396.1099853515625,,,,-0.0154502419618525,
2023-03-20,393.739990234375,389.989990234375,,,,0.0096156314108122,
2023-03-21,398.9100036621094,393.739990234375,,,,0.0131305266316914,
2023-03-22,392.1099853515625,398.9100036621094,,,,-0.0170464973255138,
2023-03-23,393.1700134277344,392.1099853515625,,,,0.0027033947508923,
2023-03-24,395.75,393.1700134277344,,,,0.0065620125751015,
2023-03-27,396.489990234375,395.75,,,,0.0018698426642451,
2023-03-28,395.6000061035156,396.489990234375,,,,-0.0022446572493123,
2023-03-29,401.3500061035156,395.6000061035156,,,,0.0145348834966787,
2023-03-30,403.7000122070313,401.3500061035156,,,,0.0058552536882472,
2023-03-31,409.3900146484375,403.7000122070313,,,,0.0140946303427116,
2023-04-03,410.9500122070313,409.3900146484375,,,,0.0038105412999225,
2023-04-04,408.6700134277344,410.9500122070313,,,,-0.0055481170740256,
2023-04-05,407.6000061035156,408.6700134277344,,,,-0.0026182672793729,
2023-04-06,409.1900024414063,407.6000061035156,,,,0.0039008741758626,
2023-04-10,409.6099853515625,409.1900024414063,,,,0.0010263762742257,
2023-04-11,409.7200012207031,409.6099853515625,,,,0.0002685868828276,
2023-04-12,408.0499877929688,409.7200012207031,,,,-0.00407598707107,
2023-04-13,413.4700012207031,408.0499877929688,,,,0.0132827192497904,
2023-04-14,412.4599914550781,413.4700012207031,,,,-0.0024427643181926,
2023-04-17,413.9400024414063,412.4599914550781,,,,0.0035882534475815,
2023-04-18,414.2099914550781,413.9400024414063,,,,0.0006522418999843,
2023-04-19,414.1400146484375,414.2099914550781,,,,-0.0001689404120717,
2023-04-20,411.8800048828125,414.1400146484375,,,,-0.0054571151921736,
2023-04-21,412.2000122070313,411.8800048828125,,,,0.0007769430912525,
2023-04-24,412.6300048828125,412.2000122070313,,,,0.0010431651214151,
2023-04-25,406.0799865722656,412.6300048828125,,,,-0.0158738294186994,
2023-04-26,404.3599853515625,406.0799865722656,,,,-0.0042356217434444,
2023-04-27,412.4100036621094,404.3599853515625,,,,0.0199080487737874,
2023-04-28,415.9299926757813,412.4100036621094,,,,0.0085351688426933,
2023-05-01,415.510009765625,415.9299926757813,,,,-0.0010097442299229,
2023-05-02,410.8399963378906,415.510009765625,,,,-0.0112392320713731,
2023-05-03,408.0199890136719,410.8399963378906,,,,-0.006864003868551,
2023-05-04,405.1300048828125,408.0199890136719,,,,-0.0070829474258,
2023-05-05,412.6300048828125,405.1300048828125,,,,0.0185125759869833,
2023-05-08,412.739990234375,412.6300048828125,,,,0.0002665471494098,
2023-05-09,410.9299926757813,412.739990234375,,,,-0.0043853215133478,
2023-05-10,412.8500061035156,410.9299926757813,,,,0.004672361380176,
2023-05-11,412.1300048828125,412.8500061035156,,,,-0.0017439777402415,
2023-05-12,411.5899963378906,412.1300048828125,,,,-0.0013102868961831,
2023-05-15,413.010009765625,411.5899963378906,,,,0.0034500678839837,
2023-05-16,410.25,413.010009765625,,,,-0.0066826703962725,
2023-05-17,415.2300109863281,410.25,,,,0.0121389664505255,
2023-05-18,419.2300109863281,415.2300109863281,,,,0.0096332150715658,
2023-05-19,418.6199951171875,419.2300109863281,,,,-0.0014550863563069,
2023-05-22,418.7900085449219,418.6199951171875,,,,0.0004061283018428,
2023-05-23,414.0899963378906,418.7900085449219,,,,-0.011222837486886,
2023-05-24,411.0899963378906,414.0899963378906,,,,-0.0072448019187405,
2023-05-25,414.6499938964844,411.0899963378906,,,,0.0086598982955246,
2023-05-26,420.0199890136719,414.6499938964844,,,,0.0129506697123649,
2023-05-30,420.1799926757813,420.0199890136719,,,,0.0003809429700836,
2023-05-31,417.8500061035156,420.1799926757813,,,,-0.0055452106546717,
2023-06-01,421.8200073242188,417.8500061035156,,,,0.0095010198940133,
2023-06-02,427.9200134277344,421.8200073242188,,,,0.0144611587824166,
2023-06-05,427.1000061035156,427.9200134277344,,,,-0.001916263083024,
2023-06-06,428.0299987792969,427.1000061035156,,,,0.0021774588210983,
2023-06-07,426.5499877929688,428.0299987792969,,,,-0.0034577272400275,
2023-06-08,429.1300048828125,426.5499877929688,,,,0.0060485691329945,
2023-06-09,429.8999938964844,429.1300048828125,,,,0.0017943024372815,
2023-06-12,433.7999877929688,429.8999938964844,,,,0.0090718631120134,
2023-06-13,436.6600036621094,433.7999877929688,,,,0.0065929367211174,
2023-06-14,437.1799926757813,436.6600036621094,,,,0.0011908327057914,
2023-06-15,442.6000061035156,437.1799926757813,,,,0.0123976703383905,
2023-06-16,439.4599914550781,442.6000061035156,,,,-0.0070944749325265,
2023-06-20,437.1799926757813,439.4599914550781,,,,-0.0051881828235322,
2023-06-21,434.9400024414063,437.1799926757813,,,,-0.0051237254035003,
2023-06-22,436.510009765625,434.9400024414063,,,,0.0036097101103738,
2023-06-23,433.2099914550781,436.510009765625,,,,-0.0075600060404542,
2023-06-26,431.4400024414063,433.2099914550781,,,,-0.0040857529802735,
2023-06-27,436.1700134277344,431.4400024414063,,,,0.0109633111430609,
2023-06-28,436.3900146484375,436.1700134277344,,,,0.000504393273105,
2023-06-29,438.1099853515625,436.3900146484375,,,,0.0039413612717758,
2023-06-30,443.2799987792969,438.1099853515625,,,,0.0118007203683925,
2023-07-03,443.7900085449219,443.2799987792969,,,,0.0011505363811348,
2023-07-05,443.1300048828125,443.7900085449219,,,,-0.0014871981103706,
2023-07-06,439.6600036621094,443.1300048828125,,,,-0.0078306618429523,
2023-07-07,438.5499877929688,439.6600036621094,,,,-0.0025247142334868,
2023-07-10,439.6600036621094,438.5499877929688,,,,0.0025311045491687,
2023-07-11,442.4599914550781,439.6600036621094,,,,0.0063685297039677,
2023-07-12,446.0199890136719,442.4599914550781,,,,0.0080459196929565,
2023-07-13,449.55999755859375,446.0199890136719,,,,0.0079368831714252,
2023-07-14,449.2799987792969,449.55999755859375,,,,-0.000622828500795,
2023-07-17,450.8399963378906,449.2799987792969,,,,0.0034722167976146,
2023-07-18,454.1900024414063,450.8399963378906,,,,0.0074305876380251,
2023-07-19,455.2000122070313,454.1900024414063,,,,0.0022237604531052,
2023-07-20,452.1799926757813,455.2000122070313,,,,-0.0066344891262358,
2023-07-21,452.1799926757813,452.1799926757813,,,,0.0,
2023-07-24,454.2000122070313,452.1799926757813,,,,0.0044672908221712,
2023-07-25,455.4400024414063,454.2000122070313,,,,0.0027300532828031,
2023-07-26,455.510009765625,455.4400024414063,,,,0.0001537136040827,
2023-07-27,452.489990234375,455.510009765625,,,,-0.0066299740214356,
2023-07-28,456.9200134277344,452.489990234375,,,,0.0097903230766822,
2023-07-31,457.7900085449219,456.9200134277344,,,,0.0019040424836307,
2023-08-01,456.4800109863281,457.7900085449219,,,,-0.0028615686977475,
2023-08-02,450.1300048828125,456.4800109863281,,,,-0.0139108086897277,
2023-08-03,448.8399963378906,450.1300048828125,,,,-0.0028658577098359,
2023-08-04,446.80999755859375,448.8399963378906,,,,-0.0045227671238297,
2023-08-07,450.7099914550781,446.80999755859375,,,,0.00872852872092,
2023-08-08,448.75,450.7099914550781,,,,-0.0043486754059977,
2023-08-09,445.75,448.75,,,,-0.0066852367688022,
2023-08-10,445.9100036621094,445.75,,,,0.0003589538129207,
2023-08-11,445.6499938964844,445.9100036621094,,,,-0.0005830991982453,
2023-08-14,448.1099853515625,445.6499938964844,,,,0.0055200078284967,
2023-08-15,442.8900146484375,448.1099853515625,,,,-0.0116488604890822,
2023-08-16,439.6400146484375,442.8900146484375,,,,-0.0073381649901947,
2023-08-17,436.2900085449219,439.6400146484375,,,,-0.0076198844324816,
2023-08-18,436.5,436.2900085449219,,,,0.0004813116297996,
2023-08-21,439.3399963378906,436.5,,,,0.0065062917248353,
2023-08-22,438.1499938964844,439.3399963378906,,,,-0.0027086139466597,
2023-08-23,443.0299987792969,438.1499938964844,,,,0.0111377495168136,
2023-08-24,436.8900146484375,443.0299987792969,,,,-0.0138590708254004,
2023-08-25,439.9700012207031,436.8900146484375,,,,0.0070497985053379,
2023-08-28,442.760009765625,439.9700012207031,,,,0.0063413608591063,
2023-08-29,449.1600036621094,442.760009765625,,,,0.0144547695259835,
2023-08-30,451.010009765625,449.1600036621094,,,,0.0041188130920652,
2023-08-31,450.3500061035156,451.010009765625,,,,-0.0014633902747576,
2023-09-01,451.1900024414063,450.3500061035156,,,,0.0018652077861802,
2023-09-05,449.239990234375,451.1900024414063,,,,-0.0043219313293283,
2023-09-06,446.2200012207031,449.239990234375,,,,-0.0067224402976598,
2023-09-07,444.8500061035156,446.2200012207031,,,,-0.0030702234625065,
2023-09-08,445.5199890136719,444.8500061035156,,,,0.001506087222578,
2023-09-11,448.4500122070313,445.5199890136719,,,,0.0065766368863631,
2023-09-12,445.989990234375,448.4500122070313,,,,-0.005485610225651,
2023-09-13,446.510009765625,445.989990234375,,,,0.0011659892433386,
2023-09-14,450.3599853515625,446.510009765625,,,,0.0086223724031593,
2023-09-15,443.3699951171875,450.3599853515625,,,,-0.0155208954208452,
2023-09-18,443.6300048828125,443.3699951171875,,,,0.0005864396970667,
2023-09-19,442.7099914550781,443.6300048828125,,,,-0.0020738304839804,
2023-09-20,438.6400146484375,442.7099914550781,,,,-0.0091933249422802,
2023-09-21,431.3900146484375,438.6400146484375,,,,-0.016528359834683,
2023-09-22,430.4200134277344,431.3900146484375,,,,-0.002248548153099,
2023-09-25,432.2300109863281,430.4200134277344,,,,0.0042051891225491,
2023-09-26,425.8800048828125,432.2300109863281,,,,-0.0146912660900736,
2023-09-27,426.0499877929688,425.8800048828125,,,,0.0003991333432125,
2023-09-28,428.5199890136719,426.0499877929688,,,,0.0057974446461042,
2023-09-29,427.4800109863281,428.5199890136719,,,,-0.0024269066881511,
2023-10-02,427.30999755859375,427.4800109863281,,,,-0.000397710824752,
2023-10-03,421.5899963378906,427.30999755859375,,,,-0.01338606925507,
2023-10-04,424.6600036621094,421.5899963378906,,,,0.0072819738392422,
2023-10-05,424.5,424.6600036621094,,,,-0.0003767806262175,
2023-10-06,429.5400085449219,424.5,,,,0.0118728116488147,
2023-10-09,432.2900085449219,429.5400085449219,,,,0.0064021975725048,
2023-10-10,434.5400085449219,432.2900085449219,,,,0.0052048392410766,
2023-10-11,436.3200073242188,434.5400085449219,,,,0.0040962828377006,
2023-10-12,433.6600036621094,436.3200073242188,,,,-0.0060964512684672,
2023-10-13,431.5,433.6600036621094,,,,-0.0049808689846166,
2023-10-16,436.0400085449219,431.5,,,,0.0105214566510356,
2023-10-17,436.0199890136719,436.0400085449219,,,,-4.591214305493807e-05,
2023-10-18,430.2099914550781,436.0199890136719,,,,-0.0133250715677889,
2023-10-19,426.4299926757813,430.2099914550781,,,,-0.0087864039756769,
2023-10-20,421.1900024414063,426.4299926757813,,,,-0.0122880433467985,
2023-10-23,420.4599914550781,421.1900024414063,,,,-0.0017332106225139,
2023-10-24,423.6300048828125,420.4599914550781,,,,0.0075393937405647,
2023-10-25,417.5499877929688,423.6300048828125,,,,-0.0143521870966756,
2023-10-26,412.5499877929688,417.5499877929688,,,,-0.0119746141687809,
2023-10-27,410.6799926757813,412.5499877929688,,,,-0.0045327722034158,
2023-10-30,415.5899963378906,410.6799926757813,,,,0.0119557897868807,
2023-10-31,418.2000122070313,415.5899963378906,,,,0.0062802663493819,
2023-11-01,422.6600036621094,418.2000122070313,,,,0.0106647329624423,
2023-11-02,430.760009765625,422.6600036621094,,,,0.0191643544062216,
2023-11-03,434.6900024414063,430.760009765625,,,,0.009123392577504,
2023-11-06,435.6900024414063,434.6900024414063,,,,0.0023004899914504,
2023-11-07,436.9299926757813,435.6900024414063,,,,0.0028460378421049,
2023-11-08,437.25,436.9299926757813,,,,0.0007323995367289,
2023-11-09,433.8399963378906,437.25,,,,-0.0077987505136863,
2023-11-10,440.6099853515625,433.8399963378906,,,,0.0156048060824691,
2023-11-13,440.1900024414063,440.6099853515625,,,,-0.0009531851844464,
2023-11-14,448.7300109863281,440.1900024414063,,,,0.0194007326326286,
2023-11-15,449.6799926757813,448.7300109863281,,,,0.002117045141164,
2023-11-16,450.2300109863281,449.6799926757813,,,,0.0012231327154985,
2023-11-17,450.7900085449219,450.2300109863281,,,,0.0012438032670611,
2023-11-20,454.260009765625,450.7900085449219,,,,0.0076976001129744,
2023-11-21,453.2699890136719,454.260009765625,,,,-0.0021794142796411,
2023-11-22,455.0199890136719,453.2699890136719,,,,0.0038608335923762,
2023-11-24,455.2999877929688,455.0199890136719,,,,0.0006153548988119,
2023-11-27,454.4800109863281,455.2999877929688,,,,-0.0018009594303206,
2023-11-28,454.9299926757813,454.4800109863281,,,,0.0009901022675926,
2023-11-29,454.6099853515625,454.9299926757813,,,,-0.0007034210304239,
2023-11-30,456.3999938964844,454.6099853515625,,,,0.0039374598064263,
2023-12-01,459.1000061035156,456.3999938964844,,,,0.0059158901032843,
2023-12-04,456.6900024414063,459.1000061035156,,,,-0.0052494089088859,
2023-12-05,456.6000061035156,456.6900024414063,,,,-0.000197062202828,
2023-12-06,454.760009765625,456.6000061035156,,,,-0.0040297772958712,
2023-12-07,458.2300109863281,454.760009765625,,,,0.0076304009723535,
2023-12-08,460.2000122070313,458.2300109863281,,,,0.0042991536422127,
2023-12-11,461.989990234375,460.2000122070313,,,,0.0038895653625894,
2023-12-12,464.1000061035156,461.989990234375,,,,0.0045672328702839,
2023-12-13,470.5,464.1000061035156,,,,0.0137901181045381,
2023-12-14,472.010009765625,470.5,,,,0.0032093725092985,
2023-12-15,469.3299865722656,472.010009765625,,,,-0.0056778948283112,
2023-12-18,471.9700012207031,469.3299865722656,,,,0.0056250713228847,
2023-12-19,474.8399963378906,471.9700012207031,,,,0.0060808846108111,
2023-12-20,468.260009765625,474.8399963378906,,,,-0.0138572711292487,
2023-12-21,472.7000122070313,468.260009765625,,,,0.0094819167744615,
2023-12-22,473.6499938964844,472.7000122070313,,,,0.0020096925426713,
2023-12-26,475.6499938964844,473.6499938964844,,,,0.0042225272369307,
2023-12-27,476.510009765625,475.6499938964844,,,,0.0018080855254416,
2023-12-28,476.6900024414063,476.510009765625,,,,0.00037773115379,
2023-12-29,475.30999755859375,476.6900024414063,,,,-0.0028949734119547,
2024-01-02,472.6499938964844,475.30999755859375,,,,-0.0055963553802199,
2024-01-03,468.7900085449219,472.6499938964844,,,,-0.0081666886732423,
2024-01-04,467.2799987792969,468.7900085449219,,,,-0.0032210792425203,
2024-01-05,467.9200134277344,467.2799987792969,,,,0.0013696598401589,
2024-01-08,474.6000061035156,467.9200134277344,,,,0.0142759285435285,
2024-01-09,473.8800048828125,474.6000061035156,,,,-0.0015170695563498,
2024-01-10,476.55999755859375,473.8800048828125,,,,0.0056554246817059,
2024-01-11,476.3500061035156,476.55999755859375,,,,-0.0004406401211891,
2024-01-12,476.6799926757813,476.3500061035156,,,,0.0006927397250708,
2024-01-16,474.9299926757813,476.6799926757813,,,,-0.0036712260361014,
2024-01-17,472.2900085449219,474.9299926757813,,,,-0.0055586805878179,
2024-01-18,476.489990234375,472.2900085449219,,,,0.008892802332179,
2024-01-19,482.4299926757813,476.489990234375,,,,0.0124661641653469,
2024-01-22,483.4500122070313,482.4299926757813,,,,0.0021143368918514,
2024-01-23,484.8599853515625,483.4500122070313,,,,0.0029164817642561,
2024-01-24,485.3900146484375,484.8599853515625,,,,0.0010931594952936,
2024-01-25,488.0299987792969,485.3900146484375,,,,0.0054388925424671,
2024-01-26,487.4100036621094,488.0299987792969,,,,-0.0012704037021049,
2024-01-29,491.2699890136719,487.4100036621094,,,,0.0079193806498858,
2024-01-30,490.8900146484375,491.2699890136719,,,,-0.0007734532410523,
2024-01-31,482.8800048828125,490.8900146484375,,,,-0.0163173206351764,
2024-02-01,489.2000122070313,482.8800048828125,,,,0.0130881528750657,
2024-02-02,494.3500061035156,489.2000122070313,,,,0.0105273789206383,
2024-02-05,492.5499877929688,494.3500061035156,,,,-0.0036411819324827,
2024-02-06,493.9800109863281,492.5499877929688,,,,0.0029033057127196,
2024-02-07,498.1000061035156,493.9800109863281,,,,0.0083404085703004,
2024-02-08,498.3200073242188,498.1000061035156,,,,0.0004416808231426,
2024-02-09,501.2000122070313,498.3200073242188,,,,0.00577942856093,
2024-02-12,500.9800109863281,501.2000122070313,,,,-0.000438948953202,
2024-02-13,494.0799865722656,500.9800109863281,,,,-0.0137730533409461,
2024-02-14,498.5700073242188,494.0799865722656,,,,0.0090876393984364,
2024-02-15,502.010009765625,498.5700073242188,,,,0.006899738032515,
2024-02-16,499.510009765625,502.010009765625,,,,-0.0049799803816007,
2024-02-20,496.760009765625,499.510009765625,,,,-0.0055053951797489,
2024-02-21,497.2099914550781,496.760009765625,,,,0.0009058331600915,
2024-02-22,507.5,497.2099914550781,,,,0.0206954983241753,
2024-02-23,507.8500061035156,507.5,,,,0.0006896671990455,
2024-02-26,505.989990234375,507.8500061035156,,,,-0.0036625299729965,
2024-02-27,506.9299926757813,505.989990234375,,,,0.0018577490850577,
2024-02-28,506.260009765625,506.9299926757813,,,,-0.0013216478011486,
2024-02-29,508.0799865722656,506.260009765625,,,,0.0035949448337488,
2024-03-01,512.8499755859375,508.0799865722656,,,,0.0093882639342919,
2024-03-04,512.2999877929688,512.8499755859375,,,,-0.0010724145835053,
2024-03-05,507.1799926757813,512.2999877929688,,,,-0.0099941347631977,
2024-03-06,509.75,507.1799926757813,,,,0.0050672490266421,
2024-03-07,514.8099975585938,509.75,,,,0.00992642973731,
2024-03-08,511.7200012207031,514.8099975585938,,,,-0.0060022073241476,
2024-03-11,511.2799987792969,511.7200012207031,,,,-0.0008598499967885,
2024-03-12,516.780029296875,511.2799987792969,,,,0.0107573746884479,
2024-03-13,515.969970703125,516.780029296875,,,,-0.0015675114126452,
2024-03-14,514.9500122070312,515.969970703125,,,,-0.0019767787933546,
2024-03-15,509.8299865722656,514.9500122070312,,,,-0.0099427624301272,
2024-03-18,512.8599853515625,509.8299865722656,,,,0.0059431552852911,
2024-03-19,515.7100219726562,512.8599853515625,,,,0.0055571436698069,
2024-03-20,520.47998046875,515.7100219726562,,,,0.0092493034706753,
2024-03-21,522.2000122070312,520.47998046875,,,,0.0033047029719224,
2024-03-22,521.2100219726562,522.2000122070312,,,,-0.0018958066090249,
2024-03-25,519.77001953125,521.2100219726562,,,,-0.0027628065092766,
2024-03-26,518.8099975585938,519.77001953125,,,,-0.0018470129799368,
2024-03-27,523.1699829101562,518.8099975585938,,,,0.0084038190707187,
2024-03-28,523.0700073242188,523.1699829101562,,,,-0.0001910957990773,
2024-04-01,522.1599731445312,523.0700073242188,,,,-0.0017397942282005,
2024-04-02,518.8400268554688,522.1599731445312,,,,-0.0063581018458179,
2024-04-03,519.4099731445312,518.8400268554688,,,,0.001098501001391,
2024-04-04,513.0700073242188,519.4099731445312,,,,-0.0122060918120806,
2024-04-05,518.4299926757812,513.0700073242188,,,,0.0104468888749043,
2024-04-08,518.719970703125,518.4299926757812,,,,0.0005593388334788,
2024-04-09,519.3200073242188,518.719970703125,,,,0.0011567640634317,
2024-04-10,514.1199951171875,519.3200073242188,,,,-0.0100131174106389,
2024-04-11,518.0,514.1199951171875,,,,0.0075468857847633,
2024-04-12,510.8500061035156,518.0,,,,-0.01380307702024,
2024-04-15,504.4500122070313,510.8500061035156,,,,-0.0125281272781027,
2024-04-16,503.5299987792969,504.4500122070313,,,,-0.0018237950351298,
2024-04-17,500.5499877929688,503.5299987792969,,,,-0.0059182392182244,
2024-04-18,499.5199890136719,500.5499877929688,,,,-0.0020577341013199,
2024-04-19,495.1600036621094,499.5199890136719,,,,-0.0087283501110165,
2024-04-22,499.7200012207031,495.1600036621094,,,,0.0092091395202942,
2024-04-23,505.6499938964844,499.7200012207031,,,,0.0118666306357473,
2024-04-24,505.4100036621094,505.6499938964844,,,,-0.0004746172990642,
2024-04-25,503.489990234375,505.4100036621094,,,,-0.0037989224863423,
2024-04-26,508.260009765625,503.489990234375,,,,0.0094739113463397,
2024-04-29,510.05999755859375,508.260009765625,,,,0.0035414704253415,
2024-04-30,501.9800109863281,510.05999755859375,,,,-0.0158412473256882,
2024-05-01,500.3500061035156,501.9800109863281,,,,-0.0032471509764099,
2024-05-02,505.0299987792969,500.3500061035156,,,,0.0093534378309032,
2024-05-03,511.2900085449219,505.0299987792969,,,,0.0123953226159951,
2024-05-06,516.5700073242188,511.2900085449219,,,,0.010326817835387,
2024-05-07,517.1400146484375,516.5700073242188,,,,0.0011034464179817,
2024-05-08,517.1900024414062,517.1400146484375,,,,9.666200942248793e-05,
2024-05-09,520.1699829101562,517.1900024414062,,,,0.0057618678912643,
2024-05-10,520.8400268554688,520.1699829101562,,,,0.0012881249732326,
2024-05-13,520.9099731445312,520.8400268554688,,,,0.0001342951490974,
2024-05-14,523.2999877929688,520.9099731445312,,,,0.0045881529854572,
2024-05-15,529.780029296875,523.2999877929688,,,,0.0123830339290393,
2024-05-16,528.6900024414062,529.780029296875,,,,-0.0020575083906342,
2024-05-17,529.4500122070312,528.6900024414062,,,,0.0014375338328991,
2024-05-20,530.0599975585938,529.4500122070312,,,,0.0011521113183465,
2024-05-21,531.3599853515625,530.0599975585938,,,,0.0024525295229904,
2024-05-22,529.8300170898438,531.3599853515625,,,,-0.0028793441431358,
2024-05-23,525.9600219726562,529.8300170898438,,,,-0.0073042202071599,
2024-05-24,529.4400024414062,525.9600219726562,,,,0.0066164353246811,
2024-05-28,529.8099975585938,529.4400024414062,,,,0.0006988423909817,
2024-05-29,526.0999755859375,529.8099975585938,,,,-0.0070025518388711,
2024-05-30,522.6099853515625,526.0999755859375,,,,-0.0066337015706721,
2024-05-31,527.3699951171875,522.6099853515625,,,,0.0091081492873177,
2024-06-03,527.7999877929688,527.3699951171875,,,,0.0008153529396106,
2024-06-04,528.3900146484375,527.7999877929688,,,,0.0011178985773303,
2024-06-05,534.6699829101562,528.3900146484375,,,,0.0118851001866435,
2024-06-06,534.6599731445312,534.6699829101562,,,,-1.872139066139145e-05,
2024-06-07,534.010009765625,534.6599731445312,,,,-0.0012156574487586,
2024-06-10,535.6599731445312,534.010009765625,,,,0.003089761144422,
2024-06-11,536.9500122070312,535.6599731445312,,,,0.0024083170801936,
2024-06-12,541.3599853515625,536.9500122070312,,,,0.0082130050177386,
2024-06-13,542.4500122070312,541.3599853515625,,,,0.0020134972753127,
2024-06-14,542.780029296875,542.4500122070312,,,,0.0006083824913212,
2024-06-17,547.0999755859375,542.780029296875,,,,0.0079589263714412,
2024-06-18,548.489990234375,547.0999755859375,,,,0.0025406958699802,
2024-06-20,547.0,548.489990234375,,,,-0.0027165313148892,
2024-06-21,544.510009765625,547.0,,,,-0.0045520845235375,
2024-06-24,542.739990234375,544.510009765625,,,,-0.0032506648170009,
2024-06-25,544.8300170898438,542.739990234375,,,,0.0038508805193555,
2024-06-26,545.510009765625,544.8300170898438,,,,0.001248082254009,
2024-06-27,546.3699951171875,545.510009765625,,,,0.0015764795075565,
2024-06-28,544.219970703125,546.3699951171875,,,,-0.0039351070396926,
2024-07-01,545.3400268554688,544.219970703125,,,,0.0020580945438233,
2024-07-02,549.010009765625,545.3400268554688,,,,0.0067297149107465,
2024-07-03,551.4600219726562,549.010009765625,,,,0.0044626002503618,
2024-07-05,554.6400146484375,551.4600219726562,,,,0.0057664972057374,
2024-07-08,555.280029296875,554.6400146484375,,,,0.0011539280101222,
2024-07-09,555.8200073242188,555.280029296875,,,,0.0009724427295314,
2024-07-10,561.3200073242188,555.8200073242188,,,,0.0098952897116417,
2024-07-11,556.47998046875,561.3200073242188,,,,-0.0086225803326357,
2024-07-12,559.989990234375,556.47998046875,,,,0.0063075220831274,
2024-07-15,561.530029296875,559.989990234375,,,,0.0027501189116887,
2024-07-16,564.8599853515625,561.530029296875,,,,0.0059301477765261,
2024-07-17,556.9400024414062,564.8599853515625,,,,-0.0140211434966966,
2024-07-18,552.6599731445312,556.9400024414062,,,,-0.0076849019250063,
2024-07-19,548.989990234375,552.6599731445312,,,,-0.0066405802636198,
2024-07-22,554.6500244140625,548.989990234375,,,,0.0103099041519338,
2024-07-23,553.780029296875,554.6500244140625,,,,-0.0015685478750434,
2024-07-24,541.22998046875,553.780029296875,,,,-0.0226625160969773,
2024-07-25,538.4099731445312,541.22998046875,,,,-0.0052103679137959,
2024-07-26,544.4400024414062,538.4099731445312,,,,0.0111996983667617,
2024-07-29,544.760009765625,544.4400024414062,,,,0.0005877733502015,
2024-07-30,542.0,544.760009765625,,,,-0.0050664691169465,
2024-07-31,550.8099975585938,542.0,,,,0.0162546080416858,
2024-08-01,543.010009765625,550.8099975585938,,,,-0.0141609408462833,
2024-08-02,532.9000244140625,543.010009765625,,,,-0.018618414338119,
2024-08-05,517.3800048828125,532.9000244140625,,,,-0.0291236982927795,
2024-08-06,522.1500244140625,517.3800048828125,,,,0.0092195668294727,
2024-08-07,518.6599731445312,522.1500244140625,,,,-0.0066840009697359,
2024-08-08,530.6500244140625,518.6599731445312,,,,0.0231173637650077,
2024-08-09,532.989990234375,530.6500244140625,,,,0.0044096216200051,
2024-08-12,533.27001953125,532.989990234375,,,,0.0005253931631095,
2024-08-13,542.0399780273438,533.27001953125,,,,0.0164456244958279,
2024-08-14,543.75,542.0399780273438,,,,0.0031547893918812,
2024-08-15,553.0700073242188,543.75,,,,0.017140243354885,
2024-08-16,554.3099975585938,553.0700073242188,,,,0.0022420131591913,
2024-08-19,559.6099853515625,554.3099975585938,,,,0.0095614147612563,
2024-08-20,558.7000122070312,559.6099853515625,,,,-0.0016260845380726,
2024-08-21,560.6199951171875,558.7000122070312,,,,0.0034365184682416,
2024-08-22,556.219970703125,560.6199951171875,,,,-0.0078484971145967,
2024-08-23,562.1300048828125,556.219970703125,,,,0.0106253541601832,
2024-08-26,560.7899780273438,562.1300048828125,,,,-0.002383837980234,
2024-08-27,561.5599975585938,560.7899780273438,,,,0.0013730978823098,
2024-08-28,558.2999877929688,561.5599975585938,,,,-0.0058052742000819,
2024-08-29,558.3499755859375,558.2999877929688,,,,8.953572284031708e-05,
2024-08-30,563.6799926757812,558.3499755859375,,,,0.0095460147271437,
2024-09-03,552.0800170898438,563.6799926757812,,,,-0.0205790088998415,
2024-09-04,550.9500122070312,552.0800170898438,,,,-0.0020468135919301,
2024-09-05,549.6099853515625,550.9500122070312,,,,-0.0024322113182296,
2024-09-06,540.3599853515625,549.6099853515625,,,,-0.016830116348929,
2024-09-09,546.4099731445312,540.3599853515625,,,,0.011196217256969,
2024-09-10,548.7899780273438,546.4099731445312,,,,0.0043557127427886,
2024-09-11,554.4199829101562,548.7899780273438,,,,0.0102589425977672,
2024-09-12,559.0900268554688,554.4199829101562,,,,0.0084232965788848,
2024-09-13,562.010009765625,559.0900268554688,,,,0.0052227419018351,
2024-09-16,562.8400268554688,562.010009765625,,,,0.001476872431845,
2024-09-17,563.0700073242188,562.8400268554688,,,,0.0004086071668265,
2024-09-18,561.4000244140625,563.0700073242188,,,,-0.0029658530705484,
2024-09-19,570.97998046875,561.4000244140625,,,,0.0170644026328394,
2024-09-20,568.25,570.97998046875,,,,-0.0047812192408371,
2024-09-23,569.6699829101562,568.25,,,,0.0024988700574681,
2024-09-24,571.2999877929688,569.6699829101562,,,,0.0028613143253319,
2024-09-25,570.0399780273438,571.2999877929688,,,,-0.0022055133774685,
2024-09-26,572.2999877929688,570.0399780273438,,,,0.0039646513450615,
2024-09-27,571.469970703125,572.2999877929688,,,,-0.0014503182029491,
2024-09-30,573.760009765625,571.469970703125,,,,0.0040072780371684,
2024-10-01,568.6199951171875,573.760009765625,,,,-0.0089584749040581,
2024-10-02,568.8599853515625,568.6199951171875,,,,0.0004220573255175,
2024-10-03,567.8200073242188,568.8599853515625,,,,-0.0018281792604923,
2024-10-04,572.97998046875,567.8200073242188,,,,0.0090873394349857,
2024-10-07,567.7999877929688,572.97998046875,,,,-0.0090404426897141,
2024-10-08,573.1699829101562,567.7999877929688,,,,0.009457547081078,
2024-10-09,577.1400146484375,573.1699829101562,,,,0.0069264474006893,
2024-10-10,576.1300048828125,577.1400146484375,,,,-0.0017500255397128,
2024-10-11,579.5800170898438,576.1300048828125,,,,0.0059882529599077,
2024-10-14,584.3200073242188,579.5800170898438,,,,0.0081783189458035,
2024-10-15,579.780029296875,584.3200073242188,,,,-0.0077696775233381,
2024-10-16,582.2999877929688,579.780029296875,,,,0.0043464044443715,
2024-10-17,582.3499755859375,582.2999877929688,,,,8.584543021927793e-05,
2024-10-18,584.5900268554688,582.3499755859375,,,,0.0038465722734466,
2024-10-21,583.6300048828125,584.5900268554688,,,,-0.0016422140791901,
2024-10-22,583.3200073242188,583.6300048828125,,,,-0.000531154251838,
2024-10-23,577.989990234375,583.3200073242188,,,,-0.009137380893711,
2024-10-24,579.239990234375,577.989990234375,,,,0.0021626672107126,
2024-10-25,579.0399780273438,579.239990234375,,,,-0.0003453011021395,
2024-10-28,580.8300170898438,579.0399780273438,,,,0.0030913911481522,
2024-10-29,581.77001953125,580.8300170898438,,,,0.0016183778622804,
2024-10-30,580.010009765625,581.77001953125,,,,-0.0030252672130528,
2024-10-31,568.6400146484375,580.010009765625,,,,-0.0196031015426474,
2024-11-01,571.0399780273438,568.6400146484375,,,,0.0042205320010586,
2024-11-04,569.8099975585938,571.0399780273438,,,,-0.0021539305759273,
2024-11-05,576.7000122070312,569.8099975585938,,,,0.0120917756409302,
2024-11-06,591.0399780273438,576.7000122070312,,,,0.0248655549103136,
2024-11-07,595.6099853515625,591.0399780273438,,,,0.0077321458684938,
2024-11-08,598.1900024414062,595.6099853515625,,,,0.0043317223574095,
2024-11-11,598.760009765625,598.1900024414062,,,,0.0009528867448342,
2024-11-12,596.9000244140625,598.760009765625,,,,-0.003106395419244,
2024-11-13,597.1900024414062,596.9000244140625,,,,0.000485806693723,
2024-11-14,593.3499755859375,597.1900024414062,,,,-0.0064301593123965,
2024-11-15,585.75,593.3499755859375,,,,-0.0128085883519797,
2024-11-18,588.1500244140625,585.75,,,,0.0040973528195689,
2024-11-19,590.2999877929688,588.1500244140625,,,,0.0036554676352316,
2024-11-20,590.5,590.2999877929688,,,,0.0003388314605579,
2024-11-21,593.6699829101562,590.5,,,,0.0053683029807896,
2024-11-22,595.510009765625,593.6699829101562,,,,0.0030994102926493,
2024-11-25,597.530029296875,595.510009765625,,,,0.0033920832532186,
2024-11-26,600.6500244140625,597.530029296875,,,,0.0052214867273847,
2024-11-27,598.8300170898438,600.6500244140625,,,,-0.0030300628489846,
2024-11-29,602.5499877929688,598.8300170898438,,,,0.0062120645207517,
2024-12-02,603.6300048828125,602.5499877929688,,,,0.0017924107737512,
2024-12-03,603.9099731445312,603.6300048828125,,,,0.0004638077289962,
2024-12-04,607.6599731445312,603.9099731445312,,,,0.006209534809425,
2024-12-05,606.6599731445312,607.6599731445312,,,,-0.0016456571836139,
2024-12-06,607.8099975585938,606.6599731445312,,,,0.0018956655539701,
2024-12-09,604.6799926757812,607.8099975585938,,,,-0.0051496436310439,
2024-12-10,602.7999877929688,604.6799926757812,,,,-0.0031090906026065,
2024-12-11,607.4600219726562,602.7999877929688,,,,0.0077306474353944,
2024-12-12,604.3300170898438,607.4600219726562,,,,-0.0051526104922068,
2024-12-13,604.2100219726562,604.3300170898438,,,,-0.0001985589227643,
2024-12-16,606.7899780273438,604.2100219726562,,,,0.0042699656756177,
2024-12-17,604.2899780273438,606.7899780273438,,,,-0.0041200416792106,
2024-12-18,586.280029296875,604.2899780273438,,,,-0.0298034873741589,
2024-12-19,586.0999755859375,586.280029296875,,,,-0.0003071121340316,
2024-12-20,591.1500244140625,586.0999755859375,,,,0.0086163607549656,
2024-12-23,594.6900024414062,591.1500244140625,,,,0.0059882904189212,
2024-12-24,601.2999877929688,594.6900024414062,,,,0.0111150100462866,
2024-12-26,601.3400268554688,601.2999877929688,,,,6.658749927290764e-05,
2024-12-27,595.010009765625,601.3400268554688,,,,-0.0105265187866251,
2024-12-30,588.219970703125,595.010009765625,,,,-0.011411638377604,
2024-12-31,586.0800170898438,588.219970703125,,,,-0.003638015912182,
2025-01-02,584.6400146484375,586.0800170898438,,,,-0.0024570065510107,
2025-01-03,591.9500122070312,584.6400146484375,,,,0.0125034164194004,
2025-01-06,595.3599853515625,591.9500122070312,,,,0.0057605761875356,
2025-01-07,588.6300048828125,595.3599853515625,,,,-0.011304052395755,
2025-01-08,589.489990234375,588.6300048828125,,,,0.0014609947580461,
2025-01-10,580.489990234375,589.489990234375,,,,-0.0152674348150029,
2025-01-13,581.3900146484375,580.489990234375,,,,0.001550456388919,
2025-01-14,582.1900024414062,581.3900146484375,,,,0.0013759916283606,
2025-01-15,592.780029296875,582.1900024414062,,,,0.01818998404483,
2025-01-16,591.6400146484375,592.780029296875,,,,-0.0019231664227786,
2025-01-17,597.5800170898438,591.6400146484375,,,,0.0100398929996914,
2025-01-21,603.0499877929688,597.5800170898438,,,,0.0091535368430879,
2025-01-22,606.4400024414062,603.0499877929688,,,,0.0056214488302108,
2025-01-23,609.75,606.4400024414062,,,,0.0054580791921186,
2025-01-24,607.969970703125,609.75,,,,-0.0029192772396473,
2025-01-27,599.3699951171875,607.969970703125,,,,-0.0141453953325877,
2025-01-28,604.52001953125,599.3699951171875,,,,0.0085923961092773,
2025-01-29,601.8099975585938,604.52001953125,,,,-0.0044829317228528,
2025-01-30,605.0399780273438,601.8099975585938,,,,0.0053671100211916,
2025-01-31,601.8200073242188,605.0399780273438,,,,-0.0053219139562038,
2025-02-03,597.77001953125,601.8200073242188,,,,-0.0067295665542519,
2025-02-04,601.780029296875,597.77001953125,,,,0.0067082818385062,
2025-02-05,604.219970703125,601.780029296875,,,,0.0040545403427576,
2025-02-06,606.3200073242188,604.219970703125,,,,0.003475616038725,
2025-02-07,600.77001953125,606.3200073242188,,,,-0.009153562023232,
2025-02-10,604.8499755859375,600.77001953125,,,,0.006791211149103,
2025-02-11,605.3099975585938,604.8499755859375,,,,0.0007605554951219,
2025-02-12,603.3599853515625,605.3099975585938,,,,-0.0032215099947072,
2025-02-13,609.72998046875,603.3599853515625,,,,0.0105575365815415,
2025-02-14,609.7000122070312,609.72998046875,,,,-4.915005441541442e-05,
2025-02-18,611.489990234375,609.7000122070312,,,,0.002935834002798,
2025-02-19,612.9299926757812,611.489990234375,,,,0.0023549076262954,
2025-02-20,610.3800048828125,612.9299926757812,,,,-0.0041603247082698,
2025-02-21,599.9400024414062,610.3800048828125,,,,-0.0171041029488026,
2025-02-24,597.2100219726562,599.9400024414062,,,,-0.0045504224716481,
2025-02-25,594.239990234375,597.2100219726562,,,,-0.0049731779926781,
2025-02-26,594.5399780273438,594.239990234375,,,,0.0005048259926943,
2025-02-27,585.0499877929688,594.5399780273438,,,,-0.0159619043043368,
2025-02-28,594.1799926757812,585.0499877929688,,,,0.0156055124746765,
2025-03-03,583.77001953125,594.1799926757812,,,,-0.0175198984699095,
2025-03-04,576.8599853515625,583.77001953125,,,,-0.011836911709231,
2025-03-05,583.0599975585938,576.8599853515625,,,,0.0107478631981254,
2025-03-06,572.7100219726562,583.0599975585938,,,,-0.0177511330382382,
2025-03-07,575.9199829101562,572.7100219726562,,,,0.0056048625209028,
2025-03-10,560.5800170898438,575.9199829101562,,,,-0.0266355852818281,
2025-03-11,555.9199829101562,560.5800170898438,,,,-0.0083128795847544,
2025-03-12,558.8699951171875,555.9199829101562,,,,0.005306541044969,
2025-03-13,551.4199829101562,558.8699951171875,,,,-0.0133304923723255,
2025-03-14,562.8099975585938,551.4199829101562,,,,0.0206557886936304,
2025-03-17,567.1500244140625,562.8099975585938,,,,0.0077113535194741,
2025-03-18,561.02001953125,567.1500244140625,,,,-0.0108084362495541,
2025-03-19,567.1300048828125,561.02001953125,,,,0.0108908508410583,
2025-03-20,565.489990234375,567.1300048828125,,,,-0.0028917790177164,
2025-03-21,563.97998046875,565.489990234375,,,,-0.0026702678945725,
2025-03-24,574.0800170898438,563.97998046875,,,,0.0179085020228895,
2025-03-25,575.4600219726562,574.0800170898438,,,,0.002403854587742,
2025-03-26,568.5900268554688,575.4600219726562,,,,-0.0119382665256874,
2025-03-27,567.0800170898438,568.5900268554688,,,,-0.0026557092004866,
2025-03-28,555.6599731445312,567.0800170898438,,,,-0.0201383289855956,
2025-03-31,559.3900146484375,555.6599731445312,,,,0.0067128130226792,
2025-04-01,560.969970703125,559.3900146484375,,,,0.0028244266313557,
2025-04-02,564.52001953125,560.969970703125,,,,0.006328411525621,
2025-04-03,536.7000122070312,564.52001953125,,,,-0.0492808162008481,
2025-04-04,505.2799987792969,536.7000122070312,,,,-0.0585429713305356,
2025-04-07,504.3800048828125,505.2799987792969,,,,-0.0017811785518102,
2025-04-08,496.4800109863281,504.3800048828125,,,,-0.0156627816725603,
2025-04-09,548.6199951171875,496.4800109863281,,,,0.105019301839113,
2025-04-10,524.5800170898438,548.6199951171875,,,,-0.0438189971953332,
2025-04-11,533.9400024414062,524.5800170898438,,,,0.0178428171997246,
2025-04-14,539.1199951171875,533.9400024414062,,,,0.0097014508223696,
2025-04-15,537.6099853515625,539.1199951171875,,,,-0.0028008788011967,
2025-04-16,525.6599731445312,537.6099853515625,,,,-0.022228032463379,
2025-04-17,526.4099731445312,525.6599731445312,,,,0.0014267778379879,
2025-04-21,513.8800048828125,526.4099731445312,,,,-0.0238026802320451,
2025-04-22,527.25,513.8800048828125,,,,0.0260177375849377,
2025-04-23,535.4199829101562,527.25,,,,0.0154954630823258,
2025-04-24,546.6900024414062,535.4199829101562,,,,0.0210489333438663,
2025-04-25,550.6400146484375,546.6900024414062,,,,0.0072253236558037,
2025-04-28,550.8499755859375,550.6400146484375,,,,0.000381303450375,
2025-04-29,554.3200073242188,550.8499755859375,,,,0.006299413437552,
2025-04-30,554.5399780273438,554.3200073242188,,,,0.0003968298098906,
2025-05-01,558.469970703125,554.5399780273438,,,,0.0070869420267252,
2025-05-02,566.760009765625,558.469970703125,,,,0.014844198430334,
2025-05-05,563.510009765625,566.760009765625,,,,-0.0057343495377241,
2025-05-06,558.7999877929688,563.510009765625,,,,-0.008358364343191,
2025-05-07,561.1500244140625,558.7999877929688,,,,0.0042055058561747,
2025-05-08,565.0599975585938,561.1500244140625,,,,0.0069677857514378,
2025-05-09,564.3400268554688,565.0599975585938,,,,-0.0012741491279434,
2025-05-12,582.989990234375,564.3400268554688,,,,0.0330473871981484,
2025-05-13,586.8400268554688,582.989990234375,,,,0.0066039497857346,
2025-05-14,587.5900268554688,586.8400268554688,,,,0.0012780314322096,
2025-05-15,590.4600219726562,587.5900268554688,,,,0.0048843496077468,
2025-05-16,594.2000122070312,590.4600219726562,,,,0.0063340278684409,
2025-05-19,594.8499755859375,594.2000122070312,,,,0.0010938461217664,
2025-05-20,592.8499755859375,594.8499755859375,,,,-0.0033621922872737,
2025-05-21,582.8599853515625,592.8499755859375,,,,-0.0168507896529834,
2025-05-22,583.0900268554688,582.8599853515625,,,,0.0003946771260467,
2025-05-23,579.1099853515625,583.0900268554688,,,,-0.0068257753015775,
2025-05-27,591.1500244140625,579.1099853515625,,,,0.0207905913678743,
2025-05-28,587.72998046875,591.1500244140625,,,,-0.0057854077714069,
2025-05-29,590.0499877929688,587.72998046875,,,,0.0039474034017601,
2025-05-30,589.3900146484375,590.0499877929688,,,,-0.0011185037847383,
2025-06-02,592.7100219726562,589.3900146484375,,,,0.0056329548205853,
2025-06-03,596.0900268554688,592.7100219726562,,,,0.005702628195088,
2025-06-04,595.9299926757812,596.0900268554688,,,,-0.00026847317096,
2025-06-05,593.0499877929688,595.9299926757812,,,,-0.0048327906267664,
2025-06-06,599.1400146484375,593.0499877929688,,,,0.0102689941502784,
2025-06-09,599.6799926757812,599.1400146484375,,,,0.0009012551559597,
2025-06-10,603.0800170898438,599.6799926757812,,,,0.0056697312826654,
2025-06-11,601.3599853515625,603.0800170898438,,,,-0.0028520788113346,
2025-06-12,603.75,601.3599853515625,,,,0.003974349319302,
2025-06-13,597.0,603.75,,,,-0.0111801242236024,
2025-06-16,602.6799926757812,597.0,,,,0.0095142255875733,
2025-06-17,597.530029296875,602.6799926757812,,,,-0.008545104270081,
2025-06-18,597.4400024414062,597.530029296875,,,,-0.0001506649892971,
2025-06-20,594.280029296875,597.4400024414062,,,,-0.0052891890928263,
2025-06-23,600.1500244140625,594.280029296875,,,,0.0098774901188125,
2025-06-24,606.780029296875,600.1500244140625,,,,0.011047245877038,
2025-06-25,607.1199951171875,606.780029296875,,,,0.0005602785258216,
2025-06-26,611.8699951171875,607.1199951171875,,,,0.0078238240186492,
2025-06-27,614.9099731445312,611.8699951171875,,,,0.0049683397643343,
2025-06-30,617.8499755859375,614.9099731445312,,,,0.0047811916700124,
2025-07-01,617.6500244140625,617.8499755859375,,,,-0.0003236241478934,
2025-07-02,620.4500122070312,617.6500244140625,,,,0.0045332918032747,
2025-07-03,625.3400268554688,620.4500122070312,,,,0.0078813998746538,
2025-07-07,620.6799926757812,625.3400268554688,,,,-0.0074520004790362,
2025-07-08,620.3400268554688,620.6799926757812,,,,-0.0005477312372305,
2025-07-09,624.0599975585938,620.3400268554688,,,,0.0059966639940707,
2025-07-10,625.8200073242188,624.0599975585938,,,,0.0028202573030002,
2025-07-11,623.6199951171875,625.8200073242188,,,,-0.003515407275708,
2025-07-14,624.8099975585938,623.6199951171875,,,,0.0019082172648787,
2025-07-15,622.1400146484375,624.8099975585938,,,,-0.0042732717475537,
2025-07-16,624.219970703125,622.1400146484375,,,,0.0033432282214846,
2025-07-17,628.0399780273438,624.219970703125,,,,0.0061196493279698,
2025-07-18,627.5800170898438,628.0399780273438,,,,-0.0007323752525193,
2025-07-21,628.77001953125,627.5800170898438,,,,0.0018961764380651,
2025-07-22,628.8599853515625,628.77001953125,,,,0.0001430822359811,
2025-07-23,634.2100219726562,628.8599853515625,,,,0.0085075163720311,
2025-07-24,634.4199829101562,634.2100219726562,,,,0.0003310590028946,
2025-07-25,637.0999755859375,634.4199829101562,,,,0.0042243194539488,
2025-07-28,636.9400024414062,637.0999755859375,,,,-0.0002510958258695,
2025-07-29,635.260009765625,636.9400024414062,,,,-0.0026375995687848,
2025-07-30,634.4600219726562,635.260009765625,,,,-0.0012593076546151,
2025-07-31,632.0800170898438,634.4600219726562,,,,-0.0037512290773067,
2025-08-01,621.719970703125,632.0800170898438,,,,-0.0163904032821942,
2025-08-04,631.1699829101562,621.719970703125,,,,0.0151997887350214,
2025-08-05,627.969970703125,631.1699829101562,,,,-0.0050699689365404,
2025-08-06,632.780029296875,627.969970703125,,,,0.0076596952372807,
2025-08-07,632.25,632.780029296875,,,,-0.0008376201402309,
2025-08-08,637.1799926757812,632.25,,,,0.0077975368537466,
2025-08-11,635.9199829101562,637.1799926757812,,,,-0.0019774785462639,
2025-08-12,642.6900024414062,635.9199829101562,,,,0.0106460242061718,
2025-08-13,644.8900146484375,642.6900024414062,,,,0.0034231312120525,
2025-08-14,644.9500122070312,644.8900146484375,,,,9.303533506632712e-05,
2025-08-15,643.4400024414062,644.9500122070312,,,,-0.0023412818622294,
2025-08-18,643.2999877929688,643.4400024414062,,,,-0.0002176032697784,
2025-08-19,639.8099975585938,643.2999877929688,,,,-0.005425136484688,
2025-08-20,638.1099853515625,639.8099975585938,,,,-0.0026570578976855,
2025-08-21,635.5499877929688,638.1099853515625,,,,-0.0040118437532102,
2025-08-22,645.31,,,,,,0.015356797096203412
